565461865362505,0.28198242,10.047607,-0.79589844
565461875321312,0.22460938,10.037842,-0.80688477
565461885364697,-0.04638672,10.010986,-0.9741211
565461895342120,0.11352539,9.897461,-0.91918945
565461905357774,0.2319336,9.949951,-1.0681152
565461915356466,0.15136719,10.083008,-0.9350586
565461925350389,0.01586914,10.054932,-0.94970703
565461935353774,0.0048828125,9.9938965,-0.9436035
565461945416120,0.0012207031,10.015869,-0.7775879
565461955354351,0.14526367,10.0720215,-0.76293945
565461965410082,0.25024414,10.114746,-0.8215332
565461975376620,0.15991211,10.047607,-0.6750488
565461985357043,0.18188477,9.952393,-0.8215332
565461995356351,-0.0390625,10.041504,-0.79345703
565462005355582,-0.1159668,10.05249,-0.859375
565462015419043,-0.0146484375,10.045166,-0.91064453
565462025358120,0.26245117,10.0354,-0.7312012
565462035354351,0.35766602,10.032959,-0.8605957
565462045318082,0.047607422,10.01709,-0.8959961
565462055306197,0.0061035156,9.903564,-0.9301758
565462065311389,-0.08178711,9.989014,-0.87158203
565462075313659,0.0390625,9.9938965,-0.79589844
565462085306851,0.28930664,9.935303,-0.80566406
565462095312582,0.32348633,9.875488,-0.99487305
565462105318082,0.078125,10.021973,-0.87402344
565462115307235,0.048828125,10.118408,-0.8227539
565462125297928,0.29907227,10.118408,-0.7409668
565462135298466,0.36376953,10.148926,-0.8239746
565462145329043,0.05493164,10.153809,-0.7348633
565462155302005,-0.16967773,10.046387,-0.6188965
565462165342158,-0.09033203,9.981689,-0.56762695
565462175313351,0.16113281,10.024414,-0.75561523
565462185296120,0.15136719,10.123291,-0.7019043
565462195307043,0.11230469,10.090332,-0.7080078
565462205311966,0.1171875,9.974365,-0.8154297
565462215307851,0.01586914,9.956055,-0.9472656
565462225308543,-0.01953125,9.986572,-0.9863281
565462235319505,-0.103759766,9.962158,-0.9814453
565462245307735,-0.080566406,10.090332,-0.67749023
565462255298351,0.06713867,10.167236,-0.49194336
565462265306158,0.21118164,10.074463,-0.8288574
565462275309158,0.095214844,10.040283,-0.75927734
565462285313389,-0.021972656,9.96582,-0.7495117
565462295312428,-0.23803711,9.974365,-0.80322266
565462305300389,-0.41748047,10.142822,-0.45654297
565462315331966,-0.1574707,10.147705,-0.625
565462325310235,0.21118164,10.092773,-0.83740234
565462335312428,0.52978516,9.992676,-1.048584
565462345313697,0.61279297,9.676514,-0.7458496
565462355304851,0.39794922,9.805908,-0.23925781
565462365310081,0.30639648,10.157471,-0.4284668
565462375309504,0.53222656,10.107422,-0.513916
565462385306081,0.8654785,9.969482,-0.6286621
565462395312543,0.72387695,9.975586,-0.6738281
565462405318966,0.11352539,10.042725,-0.6347656
565462415412427,-0.44677734,10.12207,-0.6188965
565462425298581,-0.4736328,10.107422,-0.7910156
565462435300735,-0.20996094,10.008545,-0.8886719
565462445314851,0.0793457,9.940186,-0.68115234
565462455370158,0.29907227,9.9938965,-0.56274414
565462465375274,0.41503906,10.031738,-0.8666992
565462475365081,0.5358887,10.0842285,-0.60302734
565462485311581,0.579834,9.989014,-1.0412598
565462495311427,-0.1550293,10.113525,-0.8569336
565462505301851,-0.6335449,10.155029,-0.6665039
565462515317581,0.13549805,9.923096,-0.6616211
565462525308927,0.4321289,9.9279785,-0.9338379
565462535309466,0.2734375,9.956055,-0.43823242
565462545309581,0.23071289,9.952393,-0.7385254
565462555303235,0.17456055,10.108643,-0.87158203
565462565312812,0.1953125,10.135498,-1.171875
565462575311274,0.037841797,10.119629,-0.99731445
565462585310504,0.1184082,9.868164,-0.91308594
565462595315774,-0.10498047,9.724121,-0.5871582
565462605300735,-0.07446289,9.9157715,-0.4260254
565462615312081,0.032958984,10.206299,-0.79833984
565462625309581,0.18066406,10.341797,-0.37963867
565462635311504,0.5871582,10.144043,-0.8581543
565462645311927,0.36743164,9.909668,-0.8947754
565462655305043,-0.28808594,9.733887,-1.0595703
565462665315004,-0.736084,9.910889,-1.2927246
565462675312350,-0.43823242,10.24292,-1.1486816
565462685315081,0.050048828,10.183105,-1.1486816
565462695370466,0.2746582,10.025635,-1.1804199
565462705298581,0.2368164,9.986572,-0.91796875
565462715367312,0.03173828,9.98291,-1.1279297
565462725309966,-0.07080078,9.937744,-1.697998
565462735367966,-0.17700195,9.9646,-2.0080566
565462745330735,-0.20263672,9.937744,-2.376709
565462755303196,0.017089844,9.902344,-2.2363281
565462765359043,0.22094727,9.921875,-2.2070312
565462775313235,0.5151367,9.9609375,-2.1777344
565462785306312,0.48950195,9.929199,-2.1618652
565462795320043,0.19165039,9.957275,-1.9543457
565462805297850,0.20874023,10.036621,-1.697998
565462815367350,0.38452148,10.08667,-1.8774414
565462825369927,0.3918457,9.96582,-1.550293
565462835359620,0.20019531,9.80835,-1.8908691
565462845374312,-0.12939453,9.671631,-2.376709
565462855358619,-0.53222656,9.7595215,-2.454834
565462865366735,-0.4284668,9.863281,-2.4645996
565462875362966,0.16113281,9.805908,-2.1020508
565462885365927,0.6982422,9.790039,-1.9726562
565462895363658,0.6530762,9.967041,-1.7614746
565462905358312,0.42358398,10.177002,-1.7236328
565462915362619,0.0769043,10.163574,-1.7529297
565462925371350,-0.14526367,10.146484,-1.7626953
565462935366312,0.095214844,10.12085,-1.71875
565462945356850,0.6933594,9.909668,-1.6564941
565462955367966,0.9436035,9.580078,-2.10083
565462965370658,0.52368164,9.406738,-2.619629
565462975318350,-0.21240234,9.803467,-2.7844238
565462985314312,-0.30517578,9.859619,-2.6013184
565462995312389,0.38330078,9.306641,-2.5146484
565463005302927,0.9338379,9.372559,-2.5964355
565463015311312,1.060791,9.938965,-2.3486328
565463025309927,0.9008789,10.395508,-2.5402832
565463035307619,0.5053711,10.41626,-2.183838
565463045306696,0.29663086,10.046387,-1.8640137
565463055299312,0.3076172,9.888916,-1.9592285
565463065306581,0.826416,9.827881,-1.9714355
565463075299350,0.8911133,9.876709,-2.2363281
565463085295850,0.34179688,9.979248,-2.4450684
565463095307196,-0.0036621094,9.727783,-2.5488281
565463105306273,0.12451172,9.3811035,-2.7770996
565463115300965,0.68237305,9.289551,-2.7392578
565463125307927,0.49682617,9.266357,-2.767334
565463135316312,-1.0986328,9.7265625,-2.602539
565463145317965,-1.5686035,10.194092,-2.076416
565463155309081,-0.8666992,10.212402,-2.4780273
565463165313965,-0.4711914,9.954834,-2.1813965
565463175311235,-0.024414062,9.881592,-2.2094727
565463185303888,0.20141602,9.953613,-2.0874023
565463195315235,-0.09765625,9.929199,-2.0825195
565463205302273,-0.37109375,9.886475,-2.1643066
565463215318542,-0.44067383,9.703369,-2.3046875
565463225307504,-0.47729492,9.616699,-2.520752
565463235313965,-0.60668945,9.5251465,-2.8393555
565463245312812,-0.31982422,9.4921875,-2.4487305
565463255303735,-0.5126953,9.395752,-2.3095703
565463265314542,-0.6713867,9.173584,-2.3266602
565463275307773,-0.56396484,9.047852,-2.0410156
565463285301311,-0.11352539,9.265137,-2.290039
565463295314004,-0.18676758,10.059814,-2.224121
565463305301273,-1.2109375,10.332031,-2.4523926
565463315306965,-1.7236328,10.140381,-2.067871
565463325305773,-1.5734863,9.781494,-2.1704102
565463335302619,-0.95581055,9.67041,-2.0739746
565463345305735,-0.38208008,9.777832,-2.1313477
565463355300927,-0.08911133,9.776611,-2.0446777
565463365308696,-0.050048828,9.752197,-2.10083
565463375301465,-0.012207031,9.8498535,-2.1447754
565463385296927,-0.33081055,9.844971,-2.307129
565463395304811,-0.68237305,9.678955,-2.5048828
565463405297734,-1.0461426,9.437256,-2.3632812
565463415304965,-1.8005371,9.350586,-2.3718262
565463425299734,-1.8774414,9.619141,-2.3608398
565463435302504,-1.0656738,9.970703,-1.9384766
565463445338734,1.2927246,10.4626465,-1.6760254
565463455302234,2.3815918,10.548096,-2.298584
565463465309965,1.5527344,10.402832,-2.409668
565463475304158,-0.087890625,10.095215,-2.2216797
565463485295273,-1.0754395,9.926758,-1.7590332
565463495306465,-0.7434082,9.9279785,-1.9934082
565463505297350,0.024414062,10.007324,-2.532959
565463515307734,0.513916,10.133057,-2.6782227
565463525301042,0.75805664,10.100098,-2.10083
565463535308081,1.0498047,10.13916,-1.9628906
565463545306811,1.0522461,10.332031,-1.8615723
565463555302119,0.72265625,10.637207,-1.4916992
565463565304465,0.47851562,10.919189,-1.3171387
565463575309504,0.52001953,10.794678,-1.6699219
565463585297850,0.095214844,10.527344,-1.9250488
565463595305580,-0.48217773,10.6970215,-2.4780273
565463605297619,0.061035156,11.398926,-2.5
565463615304542,0.7312012,11.860352,-2.56958
565463625302504,0.41992188,12.613525,-2.9663086
565463635306504,-0.01586914,13.548584,-2.8723145
565463645305773,0.6677246,14.185791,-2.1520996
565463655298619,1.0766602,14.207764,-1.1523438
565463665305580,1.1914062,13.718262,-1.1791992
565463675303657,0.8898926,13.40332,-2.3132324
565463685298157,0.56030273,13.17627,-2.5878906
565463695305196,1.0620117,12.13623,-2.6135254
565463705296927,0.33203125,10.627441,-3.269043
565463715305350,-1.3085938,9.501953,-3.3996582
565463725300542,-2.6879883,8.669434,-3.6218262
565463735304503,-2.3498535,7.7893066,-3.3447266
565463745308850,-0.5786133,6.8933105,-2.524414
565463755300888,2.8442383,6.513672,-2.5402832
565463765308003,1.9543457,6.315918,-0.30273438
565463775299234,0.20385742,6.0253906,-0.83862305
565463785297388,-0.040283203,6.0424805,-1.2121582
565463795306427,0.76782227,6.192627,-0.13061523
565463805297542,1.5820312,6.447754,0.9008789
565463815308619,1.5270996,6.870117,0.9313965
565463825301426,1.0192871,7.5,0.40161133
565463835307119,1.1047363,8.000488,0.30639648
565463845310273,1.4575195,8.220215,0.35888672
565463855307542,1.7724609,8.297119,0.3869629
565463865305426,1.9958496,8.374023,0.050048828
565463875300696,1.4794922,8.618164,-0.3564453
565463885297042,0.40283203,9.122314,-0.5004883
565463895305619,-0.3564453,9.735107,-0.592041
565463905302888,-0.546875,10.172119,-0.84228516
565463915305080,0.37109375,10.838623,-1.4599609
565463925300888,1.159668,11.346436,-1.7712402
565463935301734,1.5966797,11.674805,-1.9824219
565463945306465,1.9067383,11.799316,-2.3937988
565463955307042,2.0532227,11.820068,-2.6574707
565463965307234,1.8652344,11.734619,-3.0114746
565463975294196,1.1730957,11.772461,-3.0639648
565463985346811,0.6140137,11.8396,-3.4802246
565463995310426,-0.08300781,11.938477,-2.553711
565464005307003,-1.3366699,11.972656,-1.9897461
565464015314349,-1.2719727,11.9470215,-2.2131348
565464025306965,0.60913086,11.488037,-1.7590332
565464035312542,2.2363281,10.578613,-1.1071777
565464045312157,3.1152344,9.665527,-0.72631836
565464055310965,2.9980469,8.944092,-0.579834
565464065311234,0.26611328,8.481445,-1.3391113
565464075304926,0.01953125,9.001465,-1.3745117
565464085303965,1.4111328,9.619141,-1.25
565464095316772,2.3132324,9.697266,-0.98876953
565464105304542,1.9238281,9.11377,-0.8227539
565464115318157,0.76904297,8.603516,-0.92041016
565464125304042,-0.34423828,8.2092285,-1.4599609
565464135311042,-1.2585449,8.515625,-1.9152832
565464145315003,-0.41625977,9.373779,-1.7944336
565464155312619,1.3598633,9.765625,-1.6101074
565464165310811,2.5427246,10.123291,-1.9116211
565464175305888,1.895752,8.80127,-2.6489258
565464185304965,-1.3220215,8.87207,-3.8793945
565464195313042,-2.286377,9.963379,-4.279785
565464205304811,0.6933594,11.116943,-3.0725098
565464215315349,5.1708984,10.9765625,-2.7844238
565464225304657,8.859863,8.985596,-1.9421387
565464235310157,10.422363,7.694092,-2.3156738
565464245315542,10.673828,7.4414062,-2.4890137
565464255310811,6.4379883,8.415527,-1.2792969
565464265313272,3.6657715,9.031982,-1.1462402
565464275303657,2.647705,9.578857,-1.6918945
565464285310542,3.6901855,10.129395,-0.76660156
565464295311772,4.8583984,10.255127,-1.4807129
565464305305426,4.375,10.57373,-2.9052734
565464315311234,2.5,11.195068,-2.8674316
565464325312695,0.5749512,11.103516,-3.5461426
565464335366426,-0.14282227,10.256348,-4.2004395
565464345313772,0.27954102,9.320068,-3.050537
565464355365503,0.7922363,8.852539,-3.8879395
565464365311157,0.7788086,9.14917,-4.5178223
565464375299541,0.28808594,10.230713,-3.3581543
565464385315734,-0.6347656,10.424805,-3.1652832
565464395366657,-0.79833984,10.714111,-2.8173828
565464405308541,-0.94970703,10.987549,-2.385254
565464415310234,-0.43823242,10.788574,-1.8811035
565464425305080,0.8959961,10.285645,-2.191162
565464435305541,1.0754395,10.061035,-3.4753418
565464445307080,0.30639648,9.584961,-4.4848633
565464455313118,-0.45532227,9.044189,-5.0354004
565464465314580,-1.1181641,9.014893,-4.67041
565464475377003,-1.4355469,9.199219,-4.088135
565464485371234,-0.052490234,9.780273,-4.243164
565464495430926,0.22216797,9.923096,-4.091797
565464505341349,0.43579102,9.8046875,-4.7668457
565464515335888,-0.111083984,9.553223,-4.3652344
565464525346349,-1.0656738,9.318848,-3.0578613
565464535318734,-1.361084,9.460449,-4.3200684
565464545295657,-1.4880371,10.004883,-3.6547852
565464555301618,-0.69091797,9.941406,-4.1918945
565464565290041,-0.17700195,9.56665,-5.0109863
565464575286272,-0.0390625,9.229736,-3.8354492
565464585289080,-0.17456055,9.001465,-3.791504
565464595283580,-0.8154297,8.864746,-3.5559082
565464605285195,-0.87646484,8.796387,-3.5302734
565464615289734,-0.41503906,8.929443,-3.9697266
565464625283580,0.64941406,8.950195,-4.5910645
565464635287734,1.7346191,8.873291,-5.1782227
565464645321195,1.5600586,8.536377,-4.161377
565464655312580,0.52368164,8.688965,-4.4836426
565464665308695,-1.3671875,9.437256,-4.1186523
565464675305349,-1.9763184,9.772949,-3.474121
565464685316618,-1.0546875,9.4140625,-3.7548828
565464695309080,-0.79467773,9.367676,-3.0944824
565464705303926,-0.71899414,9.49585,-3.1774902
565464715364772,-0.49316406,9.595947,-3.5107422
565464725304464,-0.2734375,9.683838,-4.0942383
565464735365464,-0.25512695,9.654541,-4.415283
565464745315387,-0.60058594,9.466553,-4.3554688
565464755312695,-1.3952637,9.304199,-4.2651367
565464765312580,-1.71875,9.287109,-4.1882324
565464775302810,-1.3464355,9.337158,-4.0527344
565464785312310,-0.45043945,9.28833,-4.1064453
565464795308926,0.18798828,9.130859,-4.152832
565464805305310,0.16235352,8.869629,-3.7670898
565464815311926,-1.0375977,8.884277,-3.5888672
565464825304195,-2.11792,9.261475,-3.8708496
565464835314157,-2.4108887,9.605713,-3.7927246
565464845312733,-1.2072754,9.669189,-4.675293
565464855310503,-0.8483887,9.686279,-4.7766113
565464865309541,-0.96313477,9.5251465,-4.802246
565464875309310,-1.8652344,9.233398,-4.613037
565464885306118,-3.0151367,9.163818,-4.260254
565464895298387,-3.3825684,9.046631,-3.6975098
565464905299695,-2.7697754,8.635254,-4.008789
565464915306195,-2.2546387,8.518066,-4.1967773
565464925369003,-2.4353027,8.618164,-4.425049
565464935303233,-2.8515625,8.878174,-4.91333
565464945301656,-3.782959,9.1796875,-4.8791504
565464955304926,-4.2370605,9.406738,-4.73999
565464965304964,-3.815918,9.465332,-4.633789
565464975357733,-3.0004883,9.442139,-4.7058105
565464985355656,-2.4279785,9.255371,-5.1000977
565464995366887,-2.878418,9.398193,-5.1745605
565465005357849,-4.112549,9.852295,-4.8583984
565465015315233,-4.8999023,10.333252,-4.116211
565465025306541,-4.493408,10.935059,-3.6364746
565465035315310,-3.2702637,11.308594,-3.8183594
565465045308118,-2.479248,11.35376,-3.7976074
565465055313579,-2.5500488,11.30249,-3.7878418
565465065314695,-3.0847168,11.359863,-3.6572266
565465075307156,-3.5021973,11.8396,-3.433838
565465085313810,-3.0456543,12.783203,-3.4570312
565465095303272,-1.4672852,13.929443,-3.3850098
565465105306695,0.15625,14.836426,-3.3117676
565465115338195,0.83496094,15.388184,-3.199463
565465125325118,0.48095703,15.563965,-2.6391602
565465135308387,0.25024414,15.778809,-2.5183105
565465145380810,0.79589844,15.877686,-2.7563477
565465155304656,2.1655273,15.065918,-3.3068848
565465165362656,2.4377441,14.417725,-4.91333
565465175305926,1.9177246,14.467773,-5.258789
565465185366387,0.56030273,14.086914,-6.4990234
565465195314926,-1.2768555,13.195801,-7.0422363
565465205305502,-2.043457,11.66626,-6.9763184
565465215306849,-1.5637207,9.11377,-6.418457
565465225306579,-1.9030762,6.5856934,-5.621338
565465235313656,-3.1567383,4.8754883,-5.032959
565465245306387,-5.218506,3.4924316,-5.7263184
565465255310579,-8.586426,5.949707,-6.878662
565465265311579,-11.97998,6.491699,-6.3964844
565465275307464,-6.7370605,4.326172,-6.791992
565465285315195,0.99853516,3.758545,-2.7929688
565465295305425,4.046631,3.034668,-0.8093262
565465305306233,3.157959,2.6708984,-1.8005371
565465315314618,-1.0095215,3.0627441,-1.8835449
565465325296656,-2.8405762,3.1835938,-1.9580078
565465335310848,-2.8674316,3.4436035,-1.6662598
565465345364656,-1.6345215,3.7780762,-0.8544922
565465355314964,-0.28076172,4.173584,-0.4675293
565465365316887,0.37597656,4.7387695,-0.18676758
565465375307695,-0.013427734,5.3796387,-0.41137695
565465385312925,-1.204834,6.07666,-1.3244629
565465395298079,-2.6220703,6.842041,-2.1813965
565465405372233,-3.5681152,7.401123,-2.5549316
565465415332156,-3.6401367,7.7355957,-3.1420898
565465425316656,-3.6828613,8.198242,-3.696289
565465435300810,-3.897705,8.815918,-3.8464355
565465445305079,-4.2077637,9.594727,-3.675537
565465455367695,-4.765625,10.356445,-3.6071777
565465465310964,-5.625,11.11084,-4.036865
565465475314810,-5.7824707,11.368408,-5.130615
565465485312041,-5.3186035,11.677246,-6.7504883
565465495365310,-4.5825195,12.049561,-7.208252
565465505311810,-4.145508,12.29248,-6.0290527
565465515313887,-4.291992,12.282715,-5.465088
565465525365348,-4.515381,12.172852,-5.5444336
565465535312233,-4.906006,11.976318,-5.369873
565465545307233,-4.9560547,11.846924,-5.106201
565465555313002,-4.9401855,11.984863,-4.790039
565465565312848,-4.888916,12.161865,-4.6887207
565465575332541,-4.42749,12.329102,-4.7644043
565465585311694,-3.3776855,12.463379,-4.6850586
565465595305079,-2.3095703,12.492676,-4.128418
565465605313848,-2.1704102,12.514648,-3.729248
565465615313425,-2.6403809,12.077637,-3.8537598
565465625310618,-4.1186523,12.028809,-3.6706543
565465635313771,-3.7756348,11.710205,-3.0236816
565465645335233,-2.8259277,11.081543,-2.3718262
565465655314925,-2.113037,10.438232,-2.8112793
565465665366117,-1.2976074,9.941406,-2.857666
565465675317887,-1.4562988,9.664307,-2.2155762
565465685315656,-2.8405762,9.63501,-2.067871
565465695306925,-3.7121582,9.871826,-1.7858887
565465705425502,-3.1896973,9.6936035,-1.7199707
565465715305348,-2.2363281,9.18457,-2.1618652
565465725315233,-2.5280762,9.082031,-2.512207
565465735364887,-3.7158203,9.422607,-2.755127
565465745316079,-3.8232422,9.9609375,-2.5610352
565465755366656,-2.2192383,10.266113,-2.5378418
565465765335617,-0.30517578,10.3967285,-2.8857422
565465775357656,1.4758301,9.77417,-4.3029785
565465785365348,1.3806152,9.366455,-2.989502
565465795308887,1.2402344,10.447998,-1.9140625
565465805311425,3.5766602,11.317139,-0.75561523
565465815314656,6.6552734,11.057129,-1.0070801
565465825315233,8.659668,9.996338,-1.9799805
565465835315848,8.112793,9.553223,-2.816162
565465845304502,6.9885254,10.389404,-2.1679688
565465855312387,5.184326,11.569824,-1.2512207
565465865310963,3.9770508,11.816406,-0.47729492
565465875363963,2.1557617,11.789551,-0.8898926
565465885313387,-0.98999023,12.344971,-1.1755371
565465895306810,-2.0983887,12.298584,-1.0534668
565465905312502,0.06713867,11.123047,-1.5856934
565465915311579,2.1118164,10.014648,-3.2385254
565465925312040,3.0273438,9.327393,-5.107422
565465935315387,1.0742188,9.017334,-6.04126
565465945304463,0.9423828,8.778076,-5.765381
565465955313079,1.739502,8.614502,-6.068115
565465965310963,0.91552734,8.979492,-5.6689453
565465975320348,-0.20874023,9.730225,-4.268799
565465985316925,-0.4724121,10.290527,-2.9406738
565465995307079,-0.13671875,10.500488,-3.7658691
565466005365463,0.05859375,10.194092,-3.6621094
565466015312925,0.7336426,9.307861,-3.2104492
565466025364925,0.83496094,9.091797,-3.4899902
565466035311694,0.56884766,9.199219,-4.1516113
565466045304425,0.64331055,9.125977,-4.0441895
565466055315848,0.7519531,8.68042,-3.852539
565466065309771,0.8239746,8.232422,-5.4052734
565466075312156,0.60791016,8.543701,-5.0341797
565466085313194,-0.09887695,10.0061035,-5.3796387
565466095306656,-1.3000488,10.969238,-2.7294922
565466105313194,-1.4929199,10.795898,-1.4990234
565466115375617,-1.0925293,10.065918,-3.5424805
565466125350733,-0.40283203,9.532471,-2.5952148
565466135333963,1.4672852,9.213867,-4.27124
565466145308233,2.286377,9.066162,-4.4592285
565466155316502,0.72998047,9.108887,-4.3762207
565466165296348,-1.6809082,8.917236,-4.3774414
565466175317656,-3.363037,8.736572,-3.317871
565466185310271,-2.9455566,8.7109375,-3.2495117
565466195306656,-1.4086914,9.088135,-2.722168
565466205314579,-0.1171875,9.4470215,-2.9956055
565466215306963,0.20629883,9.528809,-3.1201172
565466225312886,-0.4711914,9.232178,-3.284912
565466235299540,-1.0107422,8.914795,-3.7341309
565466245303963,-1.2719727,9.404297,-3.6206055
565466255315925,-1.081543,9.949951,-3.8452148
565466265310656,-1.4404297,10.255127,-3.8989258
565466275310617,-2.055664,10.324707,-3.7182617
565466285314271,-1.7163086,9.389648,-3.0395508
565466295306809,-0.63964844,8.392334,-3.317871
565466305314502,0.28442383,8.546143,-3.5339355
565466315311386,0.826416,9.035645,-4.07959
565466325316386,0.7116699,9.09668,-3.9416504
565466335311655,-0.44921875,9.285889,-4.1015625
565466345307348,-1.3757324,9.558105,-4.3310547
565466355312694,-1.4208984,9.521484,-4.226074
565466365311271,-1.5808105,9.5703125,-3.8305664
565466375315502,-1.9824219,9.675293,-4.0429688
565466385311617,-2.269287,9.94873,-2.5463867
565466395305963,-0.7312012,8.465576,-4.102783
565466405313078,-0.8886719,8.502197,-3.1860352
565466415303848,-1.6589355,9.471436,-4.1174316
565466425314309,-2.1655273,9.954834,-3.9038086
565466435301040,-2.5390625,9.810791,-4.033203
565466445307155,-2.2473145,9.6154785,-4.058838
565466455312655,-2.0251465,9.559326,-3.9953613
565466465313232,-2.1386719,10.119629,-3.511963
565466475313502,-1.6540527,9.991455,-3.8806152
565466485311002,-1.0217285,9.709473,-4.6191406
565466495304771,-0.8203125,9.632568,-4.5654297
565466505311655,-1.5515137,9.332275,-5.1916504
565466515306501,-2.5500488,9.608154,-4.864502
565466525317271,-2.3999023,10.068359,-4.4055176
565466535308732,-1.5136719,10.3967285,-4.7387695
565466545303809,-0.8227539,10.952148,-4.666748
565466555310848,-1.8945312,11.468506,-4.267578
565466565306501,-3.2324219,11.422119,-4.3981934
565466575313078,-4.112549,11.750488,-4.0112305
565466585311001,-3.807373,11.943359,-3.7011719
565466595302232,-3.2043457,12.231445,-3.6486816
565466605312771,-2.5805664,12.623291,-3.0541992
565466615307040,-1.8493652,12.792969,-2.8100586
565466625312924,-1.3452148,13.045654,-2.8796387
565466635308040,-0.6542969,13.685303,-2.6757812
565466645303501,0.26367188,14.383545,-2.5952148
565466655313578,1.1303711,15.091553,-2.6672363
565466665307617,1.8041992,15.765381,-2.857666
565466675315655,2.154541,16.199951,-2.6818848
565466685309963,2.347412,16.07544,-2.503662
565466695303155,2.3669434,15.595703,-3.8659668
565466705312848,2.1264648,14.970703,-4.6191406
565466715305771,1.1560059,13.950195,-5.7263184
565466725310847,-1.0620117,13.674316,-6.8811035
565466735311040,-3.1970215,13.723145,-6.6052246
565466745303232,-3.8378906,12.923584,-6.5063477
565466755311155,-2.0751953,10.7873535,-6.2683105
565466765389732,-0.24658203,8.270264,-5.2026367
565466775314463,0.20385742,5.7958984,-3.9050293
565466785313309,-1.2927246,3.6157227,-3.824463
565466795299424,-4.805908,2.6574707,-5.164795
565466805308040,-7.6098633,4.975586,-5.1904297
565466815307347,-8.969727,5.1098633,-6.345215
565466825315270,-3.2165527,4.493408,-3.614502
565466835310924,2.425537,3.7646484,-0.9753418
565466845306424,4.5117188,3.1445312,-0.29785156
565466855318232,3.005371,2.9553223,-0.37841797
565466865364078,-1.307373,3.1384277,-1.2475586
565466875314694,-3.2458496,3.2458496,-1.8884277
565466885370847,-3.602295,3.395996,-2.2229004
565466895313617,-2.8186035,3.557129,-2.0703125
565466905301078,-1.7150879,3.7805176,-1.8054199
565466915302886,-1.0595703,4.2773438,-1.1523438
565466925304578,-1.1218262,5.073242,-0.91430664
565466935300886,-1.3476562,5.8813477,-1.2561035
565466945298232,-1.2841797,6.5722656,-2.0031738
565466955303809,-1.2597656,7.3876953,-2.791748
565466965305309,-1.7272949,8.4765625,-3.3581543
565466975314309,-2.3144531,9.632568,-3.5876465
565466985304193,-2.7819824,10.639648,-3.651123
565466995326655,-3.1359863,11.595459,-3.2678223
565467005315540,-3.4594727,12.315674,-3.1469727
565467015305655,-3.4069824,13.422852,-4.4348145
565467025364924,-2.923584,14.263916,-4.6435547
565467035311732,-2.8259277,14.552002,-4.609375
565467045311963,-3.3361816,14.471436,-5.151367
565467055313463,-3.6071777,14.27124,-5.7629395
565467065307809,-3.4143066,13.997803,-6.0266113
565467075314655,-3.5327148,13.843994,-5.2661133
565467085312770,-4.4543457,13.64502,-5.0146484
565467095318732,-5.070801,13.149414,-5.517578
565467105312501,-4.6679688,12.60376,-5.7470703
565467115368155,-3.4777832,12.293701,-5.250244
565467125314386,-2.5622559,12.213135,-4.3408203
565467135335924,-2.8344727,12.077637,-3.8684082
565467145309501,-3.9624023,12.041016,-3.548584
565467155338847,-5.3271484,11.989746,-2.9663086
565467165307270,-5.004883,11.429443,-1.7541504
565467175310655,-2.3864746,9.80835,-2.8149414
565467185310732,-1.2744141,9.528809,-2.6416016
565467195310578,-1.5100098,10.144043,-1.9384766
565467205315732,-2.4780273,10.651855,-1.4440918
565467215305039,-3.8537598,10.328369,-2.1484375
565467225310193,-4.6069336,9.437256,-2.9211426
565467235303386,-4.506836,8.968506,-2.9699707
565467245311347,-3.8867188,9.246826,-2.6818848
565467255309424,-3.3081055,9.667969,-2.5854492
565467265305039,-3.3215332,9.924316,-2.7734375
565467275312962,-3.9953613,10.358887,-3.1115723
565467285311924,-3.861084,12.10083,-3.7072754
565467295315424,-0.87890625,11.912842,-3.0322266
565467305312886,1.895752,11.650391,-2.0544434
565467315305962,5.4577637,11.309814,-2.175293
565467325313347,11.304932,9.031982,-0.60180664
565467335327347,14.139404,7.5646973,-2.2473145
565467345314309,15.700684,7.8564453,-4.4262695
565467355307886,10.107422,10.455322,-4.1625977
565467365308616,2.113037,12.359619,-3.2580566
565467375317078,-1.3085938,13.104248,-2.4645996
565467385312770,-1.4196777,12.591553,-0.72143555
565467395309347,-2.7514648,11.73584,-1.0778809
565467405308309,-4.893799,11.33667,-2.6342773
565467415307232,-4.580078,11.541748,-2.7172852
565467425346193,-1.5270996,11.595459,-1.3989258
565467435297616,0.29418945,10.700684,-1.2353516
565467445305693,1.5258789,9.116211,-2.3791504
565467455386232,2.8308105,8.028564,-4.637451
565467465308270,3.2055664,8.17627,-6.8103027
565467475363885,2.121582,9.191895,-7.0214844
565467485314347,-1.2805176,10.233154,-4.572754
565467495311808,-2.3828125,9.942627,-3.6230469
565467505312116,-1.7749023,9.772949,-3.236084
565467515306578,-0.7531738,10.068359,-3.1054688
565467525312693,0.17700195,10.411377,-2.5280762
565467535311232,0.91430664,10.344238,-3.3862305
565467545313039,0.8276367,10.203857,-4.3640137
565467555308462,0.6542969,9.902344,-3.2946777
565467565304347,0.33081055,9.237061,-4.0722656
565467575311231,-0.6994629,9.130859,-5.0146484
565467585307847,-1.5942383,9.454346,-4.921875
565467595308885,-1.2451172,9.5703125,-4.349365
565467605313001,-0.5444336,9.569092,-4.8413086
565467615305462,0.068359375,9.692383,-4.3896484
565467625310616,1.0864258,9.580078,-3.8305664
565467635306655,1.8127441,9.163818,-4.349365
565467645311231,0.72509766,9.041748,-3.959961
565467655308808,-0.050048828,8.9782715,-3.9819336
565467665305308,-0.2319336,9.039307,-4.2370605
565467675314539,-0.0036621094,9.107666,-4.4714355
565467685325231,0.8190918,9.064941,-4.680176
565467695315347,1.2805176,8.956299,-4.855957
565467705313001,1.0864258,8.840332,-3.9953613
565467715306231,0.30395508,8.741455,-3.7121582
565467725311231,-0.24780273,8.768311,-4.025879
565467735308847,-0.11352539,8.951416,-3.9013672
565467745317501,0.48217773,9.099121,-4.0063477
565467755310731,0.79589844,9.145508,-4.2736816
565467765305347,0.6188965,9.077148,-4.3725586
565467775314847,-0.08178711,9.030762,-3.9697266
565467785307347,-0.6542969,8.967285,-4.024658
565467795312616,-1.2145996,8.8220215,-3.651123
565467805312654,-1.015625,9.016113,-4.2456055
565467815306501,-0.5749512,9.185791,-4.749756
565467825314847,-0.14160156,9.276123,-5.662842
565467835308385,-0.49560547,9.165039,-4.3737793
565467845312770,-1.1669922,8.831787,-4.189453
565467855314001,-1.7675781,9.039307,-3.97583
565467865306308,-1.8579102,9.476318,-3.7121582
565467875311001,-1.5515137,9.790039,-3.5620117
565467885307654,-1.4794922,9.6154785,-3.7902832
565467895366116,-1.4147949,9.208984,-3.8378906
565467905312693,-1.4086914,8.907471,-4.0283203
565467915303500,-1.4245605,8.928223,-4.345703
565467925314116,-1.4282227,8.97583,-4.9609375
565467935306539,-1.7285156,9.11377,-4.411621
565467945312539,-1.5905762,9.530029,-4.7973633
565467955308693,-1.1560059,9.5251465,-4.8754883
565467965307308,-1.1706543,9.228516,-4.696045
565467975305731,-2.3303223,9.251709,-4.1394043
565467985342231,-3.4521484,9.399414,-4.197998
565467995331231,-3.9831543,9.633789,-4.44458
565468005308616,-3.6572266,10.134277,-4.5666504
565468015307154,-2.8149414,10.452881,-4.724121
565468025313770,-2.2937012,10.455322,-4.8547363
565468035310616,-2.3254395,10.532227,-4.786377
565468045311193,-2.7062988,10.74585,-4.453125
565468055305462,-2.8503418,11.086426,-4.552002
565468065306116,-2.9211426,11.68457,-4.359131
565468075317000,-2.9138184,12.158203,-3.9135742
565468085308808,-2.5805664,12.402344,-3.8537598
565468095312231,-1.5856934,12.526855,-3.9001465
565468105306962,-0.4309082,13.032227,-3.6828613
565468115304539,-0.14282227,13.635254,-3.527832
565468125351116,0.1965332,14.240723,-2.8027344
565468135304270,0.5407715,14.702148,-2.4072266
565468145336462,1.9482422,14.715576,-4.008789
565468155321923,2.4743652,14.908447,-2.7294922
565468165310270,2.027588,14.848633,-3.0529785
565468175313308,1.7053223,14.4921875,-3.133545
565468185301423,1.7712402,14.052734,-3.100586
565468195310885,1.817627,13.553467,-4.243164
565468205296770,1.0192871,13.47168,-5.472412
565468215303423,-0.38330078,13.582764,-6.435547
565468225313885,-1.5002441,13.648682,-6.7541504
565468235297308,-1.25,12.689209,-6.776123
565468245315077,-0.20996094,11.16333,-6.369629
565468255305577,-0.08666992,8.725586,-5.131836
565468265307308,-2.340088,6.6210938,-4.5544434
565468275311539,-3.5266113,4.4921875,-4.1223145
565468285306769,-4.300537,2.5219727,-5.463867
565468295314654,-6.923828,4.0771484,-6.479492
565468305306846,-10.12085,5.7592773,-4.39209
565468315305077,-5.6835938,4.9816895,-2.2998047
565468325314616,-0.050048828,3.869629,-0.8886719
565468335306616,2.307129,3.1799316,-0.11230469
565468345315231,1.3134766,2.9138184,-0.71655273
565468355306692,-0.91674805,2.8479004,-1.1047363
565468365299000,-2.652588,2.7746582,-1.3269043
565468375315846,-3.9221191,2.8735352,-1.7431641
565468385306577,-4.4055176,3.083496,-2.2998047
565468395313308,-3.9941406,3.3642578,-2.3706055
565468405309500,-3.4448242,3.6547852,-1.8847656
565468415318885,-2.2021484,4.2285156,-0.64575195
565468425310308,-1.4978027,4.855957,-0.45166016
565468435307000,-0.8703613,5.4370117,-1.0083008
565468445313539,-0.49072266,6.0595703,-1.7724609
565468455309577,-0.8117676,6.9506836,-2.2680664
565468465305615,-1.6870117,8.034668,-2.6843262
565468475313846,-2.2314453,9.051514,-2.7600098
565468485306231,-2.536621,9.981689,-2.5463867
565468495310654,-3.0908203,10.953369,-2.5158691
565468505304192,-3.897705,11.917725,-3.1738281
565468515302192,-4.456787,12.830811,-4.185791
565468525306962,-4.9084473,13.485107,-4.536133
565468535299577,-5.489502,13.642578,-5.2331543
565468545313269,-6.11084,13.544922,-6.5393066
565468555303577,-6.4782715,13.38501,-6.80542
565468565314731,-5.866699,12.849121,-5.654297
565468575309346,-4.0319824,11.871338,-4.304199
565468585300962,-3.1567383,11.6345215,-4.6435547
565468595307577,-2.8186035,11.893311,-5.2026367
565468605303923,-2.9907227,12.470703,-5.600586
565468615299577,-3.1347656,12.819824,-5.518799
565468625306885,-3.1982422,12.67334,-5.0646973
565468635296192,-3.1445312,12.198486,-4.4958496
565468645318192,-3.260498,11.658936,-3.8549805
565468655302423,-3.795166,11.273193,-3.400879
565468665306000,-5.2038574,11.125488,-3.560791
565468675305077,-4.281006,10.950928,-2.4560547
565468685303500,-2.0092773,10.43457,-2.611084
565468695306654,-0.21728516,10.134277,-3.157959
565468705298961,0.41748047,10.1953125,-2.9541016
565468715297577,-0.57250977,10.509033,-2.5732422
565468725303654,-3.2043457,10.360107,-2.8344727
565468735294961,-4.682617,9.642334,-3.2104492
565468745306346,-5.275879,9.191895,-3.3642578
565468755308846,-4.3273926,9.2578125,-2.977295
565468765304269,-2.6049805,9.577637,-2.4853516
565468775322000,-1.6308594,10.108643,-2.3950195
565468785314154,-0.6347656,10.4748535,-3.5131836
565468795347808,0.60913086,9.719238,-3.428955
565468805314346,0.18188477,9.587402,-3.6291504
565468815339423,1.0949707,10.390625,-2.5646973
565468825317808,4.70459,11.05835,-1.1083984
565468835307577,9.569092,10.72876,0.56518555
565468845314577,13.172607,9.558105,0.7714844
565468855369808,13.736572,8.765869,-0.52978516
565468865364731,7.8393555,9.519043,-2.2180176
565468875321423,3.1884766,11.0095215,-2.0593262
565468885310615,0.31860352,12.484131,-1.8933105
565468895325500,1.5441895,11.989746,-2.25708
565468905313846,1.1828613,11.119385,-3.4228516
565468915307077,-1.0461426,10.643311,-4.6875
565468925374000,-2.4926758,10.605469,-5.036621
565468935306307,-1.9213867,10.579834,-4.156494
565468945325423,-0.56762695,10.214844,-3.137207
565468955291884,0.56396484,9.443359,-3.3520508
565468965431307,0.7714844,9.138184,-3.446045
565468975310692,-0.100097656,9.272461,-3.3203125
565468985281654,0.25634766,9.2907715,-3.99292
565468995301384,2.5012207,9.057617,-4.2871094
565469005303577,3.2641602,8.857422,-2.972412
565469015287423,2.4206543,9.013672,-4.2382812
565469025344961,0.9350586,9.956055,-3.0493164
565469035293077,-1.6381836,10.532227,-4.2944336
565469045341961,-2.8186035,10.557861,-3.8049316
565469055295192,-2.4645996,10.007324,-3.3166504
565469065295846,-0.6933594,9.727783,-2.9907227
565469075295961,0.9838867,9.890137,-2.8027344
565469085291000,2.1350098,10.015869,-4.3115234
565469095294307,2.0263672,9.6875,-3.7609863
565469105310038,0.7751465,9.284668,-3.9331055
565469115304423,-0.38085938,9.226074,-4.1601562
565469125339423,-1.2353516,9.720459,-3.6242676
565469135306461,-0.7397461,9.876709,-4.180908
565469145338000,0.53100586,9.527588,-4.16626
565469155314807,1.4709473,9.111328,-4.345703
565469165309500,1.1010742,9.173584,-3.8220215
565469175303923,-0.26489258,9.575195,-3.3276367
565469185306577,-1.0449219,9.72168,-3.5546875
565469195380346,0.24658203,9.194336,-3.5803223
565469205301692,1.2207031,8.986816,-3.7145996
565469215304961,1.0217285,9.053955,-3.2141113
565469225308884,0.21850586,9.211426,-3.4667969
565469235307576,-0.56762695,9.359131,-3.2495117
565469245310000,-0.7006836,9.332275,-3.428955
565469255297192,0.18310547,9.223633,-3.7402344
565469265312192,1.0205078,9.118652,-3.9123535
565469275314269,0.8093262,9.102783,-3.8452148
565469285307076,-0.29296875,9.1345215,-3.6010742
565469295314807,-0.982666,9.233398,-3.6328125
565469305302269,-0.7458496,9.370117,-3.6242676
565469315307230,-0.34545898,9.609375,-3.277588
565469325312538,-0.1184082,9.486084,-3.137207
565469335303192,-0.37719727,9.310303,-3.0151367
565469345308692,-1.0583496,9.671631,-3.4240723
565469355339076,-1.0559082,9.87793,-3.6645508
565469365313961,-0.88012695,9.761963,-3.3044434
565469375311038,-1.0583496,9.577637,-3.3911133
565469385297461,-1.2658691,9.656982,-3.05542
565469395315923,-1.0192871,9.714355,-3.6376953
565469405311884,-0.814209,9.581299,-3.651123
565469415319999,-0.95703125,9.361572,-4.0563965
565469425311922,-0.40283203,9.188232,-4.675293
565469435309115,0.17700195,8.984375,-4.958496
565469445303346,0.01953125,8.864746,-4.494629
565469455373076,-0.8532715,8.852539,-3.9331055
565469465307615,-1.1669922,9.055176,-4.259033
565469475364884,-0.65063477,9.182129,-4.3969727
565469485312192,-0.21606445,9.133301,-4.437256
565469495315999,-1.1535645,9.140625,-3.947754
565469505310961,-2.1032715,9.169922,-3.6828613
565469515306269,-1.3891602,9.377441,-3.6779785
565469525313576,-0.52490234,9.510498,-3.9697266
565469535307807,-0.48828125,9.559326,-4.3103027
565469545314115,-0.859375,9.499512,-4.666748
565469555305345,-1.0998535,9.274902,-4.390869
565469565315961,-1.2451172,9.135742,-4.46167
565469575317807,-1.4306641,9.172363,-4.0771484
565469585305307,-1.4672852,9.154053,-4.300537
565469595315922,-1.5002441,9.229736,-4.399414
565469605310884,-1.5246582,9.309082,-4.3981934
565469615304730,-1.7053223,9.34082,-4.494629
565469625320384,-1.5649414,9.099121,-4.001465
565469635304192,-1.6748047,9.035645,-4.1271973
565469645314768,-2.097168,9.32251,-3.9160156
565469655346653,-2.2131348,9.688721,-4.177246
565469665316499,-1.8237305,9.727783,-4.3847656
565469675367538,-1.0986328,9.47998,-4.124756
565469685311615,-1.5148926,9.310303,-3.828125
565469695314192,-2.446289,9.301758,-3.8183594
565469705313230,-3.0603027,9.458008,-3.7243652
565469715307153,-2.9394531,9.599609,-3.762207
565469725312115,-2.2485352,9.569092,-4.2785645
565469735308153,-1.3977051,9.522705,-3.9709473
565469745309538,-1.2805176,9.508057,-4.342041
565469755308922,-1.8054199,9.609375,-4.165039
565469765312884,-2.2460938,9.577637,-4.2822266
565469775313076,-2.229004,9.611816,-3.8464355
565469785305961,-2.664795,9.6154785,-3.8842773
565469795383422,-3.2128906,9.47876,-3.753662
565469805309961,-2.824707,9.200439,-4.100342
565469815308345,-1.5307617,9.1345215,-3.8781738
565469825317422,-1.9543457,9.23584,-3.6450195
565469835307845,-3.2080078,8.9001465,-3.5083008
565469845310384,-4.111328,8.381348,-3.416748
565469855314999,-4.27124,8.145752,-3.277588
565469865310153,-3.9331055,8.098145,-3.0895996
565469875314730,-3.5095215,8.111572,-3.083496
565469885308191,-3.3996582,8.094482,-3.1835938
565469895317768,-3.5876465,7.9382324,-3.0212402
565469905297999,-3.807373,7.869873,-2.9431152
565469915297153,-3.161621,7.8320312,-4.3273926
565469925308230,-2.166748,8.056641,-3.2543945
565469935299614,-2.1313477,7.9553223,-4.1638184
565469945306576,-3.1933594,7.7978516,-3.9453125
565469955300576,-4.0393066,7.5720215,-3.7512207
565469965312807,-4.053955,7.5915527,-3.7524414
565469975311576,-3.6083984,7.8063965,-3.6425781
565469985296884,-2.977295,7.9223633,-3.6096191
565469995330499,-2.4609375,8.059082,-4.8095703
565470005364768,-2.397461,8.387451,-3.972168
565470015311653,-2.9174805,8.515625,-4.63501
565470025313422,-3.6608887,8.729248,-4.289551
565470035299307,-3.861084,8.813477,-3.7817383
565470045309999,-3.5083008,8.850098,-4.024658
565470055312537,-3.0981445,8.845215,-3.5754395
565470065314422,-2.755127,8.848877,-3.4838867
565470075314845,-2.4157715,9.1796875,-3.2189941
565470085304807,-2.2387695,9.755859,-3.363037
565470095312037,-2.7941895,10.119629,-2.8894043
565470105304845,-3.4191895,9.909668,-2.9455566
565470115308614,-3.347168,9.5703125,-3.2141113
565470125338537,-2.8527832,9.191895,-3.302002
565470135306384,-2.6245117,8.929443,-3.479004
565470145345384,-2.7392578,8.908691,-3.6901855
565470155302768,-2.8015137,9.168701,-3.5058594
565470165318268,-2.376709,9.421387,-3.9379883
565470175301999,-1.8408203,9.399414,-4.067383
565470185313691,-2.0568848,9.111328,-4.1918945
565470195311422,-2.6843262,8.956299,-3.9648438
565470205308460,-3.125,8.880615,-3.8427734
565470215306191,-3.3947754,8.748779,-3.5827637
565470225304883,-3.2678223,8.607178,-3.758545
565470235313614,-3.0932617,8.540039,-3.638916
565470245310922,-3.2226562,8.598633,-3.7854004
565470255304845,-3.4875488,8.786621,-3.6218262
565470265308614,-3.4155273,9.110107,-3.7646484
565470275319730,-2.9907227,9.251709,-3.815918
565470285316191,-2.788086,8.922119,-3.8269043
565470295319845,-2.9223633,8.497314,-3.8916016
565470305304999,-3.1420898,8.323975,-3.8220215
565470315306230,-3.1433105,8.468018,-3.864746
565470325316230,-2.9980469,8.780518,-3.8964844
565470335313383,-2.7478027,9.293213,-3.7719727
565470345320230,-2.5158691,9.793701,-3.6499023
565470355307460,-2.0983887,10.133057,-3.2556152
565470365314037,-1.7358398,9.920654,-3.7426758
565470375318845,-1.9750977,9.528809,-3.786621
565470385316422,-2.635498,9.078369,-3.671875
565470395311499,-3.0908203,8.81958,-3.8122559
565470405307114,-3.0480957,8.925781,-3.8293457
565470415320999,-2.713623,9.193115,-3.795166
565470425329422,-2.4609375,9.360352,-3.6193848
565470435309306,-2.6818848,9.490967,-3.3532715
565470445322460,-3.1018066,9.249268,-3.2995605
565470455316191,-3.2739258,9.116211,-3.3117676
565470465318691,-2.911377,9.077148,-3.560791
565470475364268,-2.4023438,8.68042,-3.6547852
565470485315037,-2.1704102,8.266602,-3.9501953
565470495317229,-2.2668457,8.397217,-3.815918
565470505303114,-2.401123,8.984375,-3.6975098
565470515309499,-2.3095703,9.7229,-3.491211
565470525322076,-2.067871,10.126953,-3.4924316
565470535309729,-1.8554688,9.984131,-3.284912
565470545313383,-2.532959,9.234619,-2.7453613
565470555307037,-3.5021973,8.565674,-2.7282715
565470565313422,-3.4655762,8.482666,-3.227539
565470575307883,-2.8857422,8.654785,-3.2092285
565470585323114,-1.5515137,9.481201,-3.1689453
565470595314229,-1.1071777,10.406494,-2.8613281
565470605303460,-1.3366699,10.881348,-3.125
565470615309460,-2.1069336,10.655518,-3.244629
565470625310729,-3.178711,9.627686,-2.7172852
565470635314114,-3.6706543,8.48999,-2.6782227
565470645308460,-3.2080078,8.348389,-3.1762695
565470655307499,-2.5830078,8.741455,-3.5705566
565470665312075,-2.3864746,8.909912,-3.572998
565470675313845,-2.6159668,9.141846,-3.3251953
565470685311306,-2.6831055,9.47876,-2.4853516
565470695305345,-2.0751953,9.859619,-2.6550293
565470705308037,-1.697998,10.042725,-2.1606445
565470715310383,-2.1142578,9.333496,-2.3046875
565470725309191,-3.0358887,8.607178,-1.9262695
565470735314345,-3.2873535,8.468018,-2.7868652
565470745359691,-2.677002,9.022217,-3.7487793
565470755306383,-2.2131348,9.783936,-3.3544922
565470765314922,-2.150879,10.546875,-2.475586
565470775309691,-1.9934082,10.136719,-2.7270508
565470785312691,-2.421875,9.251709,-2.7929688
565470795313845,-3.0029297,8.80249,-2.1948242
565470805305306,-3.3520508,9.006348,-2.3010254
565470815307921,-3.4057617,9.846191,-1.8457031
565470825308806,-2.8479004,10.286865,-2.4865723
565470835311421,-2.5268555,10.085449,-2.7722168
565470845365498,-3.0847168,9.4470215,-2.1777344
565470855306691,-4.223633,9.173584,-1.5039062
565470865317845,-4.8168945,9.223633,-1.4074707
565470875365037,-3.8330078,9.014893,-2.1875
565470885317345,-3.0944824,8.325195,-3.2971191
565470895367229,-4.1540527,8.383789,-2.2924805
565470905325768,-4.539795,9.655762,-1.7480469
565470915306575,-3.7219238,10.358887,-1.7773438
565470925369883,-2.434082,9.830322,-3.092041
565470935319614,-2.4487305,8.989258,-3.0981445
565470945358498,-3.3911133,9.019775,-2.5598145
565470955307921,-3.737793,9.370117,-2.1948242
565470965314152,-3.1591797,9.208984,-2.418213
565470975309383,-2.581787,8.7854,-2.6159668
565470985359498,-2.3388672,8.427734,-2.972412
565470995379268,-2.7270508,8.592529,-3.3898926
565471005352729,-3.8867188,9.277344,-2.614746
565471015364306,-4.227295,9.406738,-2.770996
565471025354383,-3.8012695,9.100342,-2.6916504
565471035357344,-3.0297852,9.145508,-2.3815918
565471045368306,-2.5390625,9.970703,-2.3779297
565471055351921,-1.8505859,10.529785,-2.4316406
565471065364575,-1.4794922,9.863281,-2.8198242
565471075366998,-2.442627,9.432373,-1.9360352
565471085378229,-3.1884766,9.217529,-2.1557617
565471095357114,-3.0456543,9.276123,-2.1777344
565471105367191,-2.4401855,9.20166,-2.5134277
565471115368460,-2.5,9.100342,-2.4890137
565471125383690,-2.866211,9.0979,-1.9921875
565471135311575,-3.4655762,9.16748,-2.034912
565471145315190,-3.557129,9.467773,-1.7749023
565471155306614,-2.5805664,9.686279,-1.9750977
565471165320229,-2.3339844,9.87915,-2.4230957
565471175309498,-3.092041,10.076904,-1.6723633
565471185312306,-3.7231445,10.097656,-1.6125488
565471195307537,-3.5510254,9.805908,-1.6052246
565471205304575,-2.7929688,9.233398,-2.2351074
565471215308537,-2.4865723,9.124756,-2.3620605
565471225308537,-2.277832,9.095459,-2.8918457
565471235312729,-2.6623535,9.177246,-2.7648926
565471245314306,-3.1091309,9.072266,-3.013916
565471255303729,-3.35083,9.066162,-3.1225586
565471265310575,-3.1677246,8.862305,-3.059082
565471275306113,-3.104248,8.7146,-2.668457
565471285314075,-2.9394531,9.279785,-2.055664
565471295311844,-2.5439453,9.73877,-2.6940918
565471305306921,-2.5732422,9.598389,-2.5756836
565471315308306,-2.8771973,9.000244,-2.738037
565471325307575,-3.2556152,8.87085,-2.0202637
565471335316190,-3.2141113,9.394531,-1.2158203
565471345328229,-2.915039,10.030518,-1.4794922
565471355304998,-2.6782227,10.153809,-1.8505859
565471365366998,-2.5158691,9.75708,-2.2229004
565471375306844,-3.0200195,9.262695,-2.680664
565471385311921,-3.824463,8.901367,-2.3168945
565471395313613,-3.8562012,8.825684,-2.340088
565471405306613,-3.0761719,9.355469,-2.0947266
565471415308729,-2.6306152,9.758301,-2.2546387
565471425311229,-2.734375,9.658203,-2.4475098
565471435313960,-3.3288574,9.261475,-2.5524902
565471445307921,-3.6853027,8.797607,-2.565918
565471455305575,-3.7561035,8.712158,-2.4560547
565471465311267,-3.2470703,9.061279,-2.4291992
565471475306036,-2.310791,9.716797,-2.4328613
565471485312383,-1.8615723,9.989014,-2.7978516
565471495310152,-2.3413086,9.664307,-2.6733398
565471505305767,-3.03833,9.268799,-2.5048828
565471515307498,-3.3752441,9.110107,-2.4511719
565471525303690,-3.1469727,8.931885,-2.4487305
565471535310383,-3.0810547,8.8342285,-2.4804688
565471545312421,-3.0749512,9.105225,-2.2277832
565471555303959,-2.89917,9.420166,-2.4487305
565471565310959,-2.7050781,9.810791,-2.4108887
565471575301729,-2.803955,9.926758,-2.3327637
565471585313998,-3.0126953,9.526367,-2.520752
565471595317806,-3.3447266,9.090576,-2.2937012
565471605307152,-3.3776855,9.0234375,-2.322998
565471615305575,-3.4301758,9.189453,-2.3583984
565471625309382,-3.3105469,9.251709,-2.3632812
565471635312882,-3.145752,9.200439,-2.5280762
565471645318498,-3.1347656,9.152832,-2.4841309
565471655304382,-3.284912,9.237061,-2.4401855
565471665312882,-3.071289,9.423828,-2.5952148
565471675306036,-2.7026367,9.487305,-2.7819824
565471685314805,-2.746582,9.296875,-2.8747559
565471695306575,-3.0456543,9.373779,-2.4353027
565471705305498,-3.0151367,9.411621,-2.5830078
565471715314844,-2.9711914,9.379883,-4.4018555
565471725307229,-2.788086,9.958496,1.4172363
565471735312036,-2.6428223,9.865723,-3.5388184
565471745316921,-2.6855469,9.683838,-1.1975098
565471755327190,-3.1689453,8.955078,-2.3010254
565471765335421,-2.9760742,8.564453,-3.7902832
565471775341344,-3.2531738,9.301758,-2.2680664
