565461859706197,0.00335975,-0.048111744,-0.021380283
565461869497120,0.001527153,-0.029785786,-0.022602014
565461879467236,0.011301,0.003200939,-0.023823744
565461889511774,0.00335975,0.0025900733,-0.023823744
565461899464505,0.00335975,-0.0035185795,-0.0067195166
565461909450389,0.001527153,7.574763E-4,-0.006108652
565461919446082,-0.01191188,0.019694299,-0.013439035
565461929443082,-0.011301015,0.02458122,-0.008552113
565461939441543,-0.023518322,0.010531321,-0.007941247
565461949443197,-0.024129186,7.574763E-4,-0.0030543255
565461959446966,-0.018020533,7.574763E-4,0.006108653
565461969448197,-0.018020533,0.008698724,-0.0024434607
565461979457774,-0.01191188,0.034355067,-0.012828169
565461989492235,-0.0033597685,0.035576798,-0.010995573
565461999494466,-0.0033597685,0.03985285,-0.011606439
565462009521505,-0.0015271716,0.012974784,0.0042760577
565462019514582,-0.014355343,7.574763E-4,0.007330384
565462029446043,-0.016798804,-0.022455402,0.013439035
565462039508082,-0.011301015,-0.008405501,0.0030543264
565462049519428,-0.02107486,0.0038118027,-0.007941247
565462059520697,-0.016187938,0.0025900733,-0.0036651902
565462069451466,-0.02229659,0.008698724,0.0024434626
565462079521005,-0.026572647,-4.6425313E-4,0.009773845
565462089505505,-0.024129186,0.003200939,0.0012217313
565462099500466,-0.02229659,0.017861705,-0.007941247
565462109442620,-0.027794378,0.02091603,-0.006108652
565462119436582,-0.030848704,0.001368342,-0.006108652
565462129435043,-0.034513894,0.001368342,-0.0048869215
565462139434774,-0.030237839,0.014807377,-0.012828169
565462149435774,-0.026572647,0.023359492,-0.017104225
565462159511966,-0.024129186,0.0038118027,-0.011606439
565462169437658,-0.019242264,-0.016957615,0.0012217313
565462179445620,-0.016187938,-0.022455402,0.001832597
565462189435812,-0.014355343,-0.014514154,-0.004276056
565462199436428,-0.008857556,-0.013292423,-0.008552113
565462209438043,-0.011301015,-0.004129445,-0.010995573
565462219437312,-0.012522746,0.00930959,-0.012217304
565462229437081,-0.015577074,0.0044226684,-0.0018325951
565462239437428,-0.0149662085,0.0044226684,0.009162979
565462249437505,-0.02229659,-0.06093991,0.026267206
565462259436197,-0.00824669,-0.078655005,0.032986723
565462269499389,-0.009468421,-0.07315722,0.030543262
565462279514620,-0.00824669,-0.06888116,0.026878072
565462289514466,0.0027488843,-0.07560068,0.03176499
565462299521966,0.0027488843,-0.09637009,0.049480088
565462309449735,0.010690134,-0.12874596,0.07147124
565462319512581,0.02596176,-0.1544023,0.09040806
565462329521158,0.027794357,-0.16417614,0.09834931
565462339513735,0.0375682,-0.15684576,0.08674287
565462349451351,0.03145955,-0.1702848,0.062919125
565462359516697,0.051007237,-0.11836124,0.051312685
565462369515658,0.051618103,-0.098813556,0.026878072
565462379523197,0.06444627,-0.07193549,0.012217306
565462389448966,0.07483098,-0.0010751188,-0.02932153
565462399522081,0.08704829,0.05268102,-0.064751714
565462409474966,0.090713486,0.08139169,-0.077579886
565462419440697,0.09621127,0.06612006,-0.05925393
565462429437735,0.09376781,0.025192086,-0.028099801
565462439437004,0.08827002,0.0062552653,-0.0048869215
565462449518043,0.0833831,0.012363918,-0.0024434607
565462459452620,0.09560041,0.026413817,-0.010384709
565462469456697,0.09560041,0.05451362,-0.027488936
565462479504620,0.113926366,0.057567947,-0.037873644
565462489510466,0.12858713,0.07711563,-0.053145275
565462499513043,0.1273654,0.08261342,-0.05375614
565462509448351,0.13347405,0.031911604,-0.026267204
565462519507850,0.14202617,-0.0053511746,-0.0012217294
565462529520850,0.15302174,0.010531321,-0.010384709
565462539513581,0.16707164,0.03252247,-0.027488936
565462549448927,0.1853976,0.044739775,-0.0421497
565462559517850,0.19333884,0.052070156,-0.042760566
565462569518658,0.19883662,0.04412891,-0.051923543
565462579513043,0.20983219,0.027024683,-0.041538835
565462589451927,0.22327125,-0.014514154,-0.043982297
565462599517274,0.24587324,-0.018179346,-0.025656339
565462609517312,0.26725355,0.011142187,-0.012828169
565462619512004,0.27275133,-0.018179346,-0.029932396
565462629455235,0.29352075,-0.0151250195,-0.034208454
565462639519273,0.31062496,0.003200939,-0.05253441
565462649507543,0.3118467,0.00808786,-0.073303826
565462659521773,0.33261612,-0.015735883,-0.04886922
565462669450658,0.31978795,-0.07071376,-0.007941247
565462679511389,0.3173445,-0.13363287,0.02443461
565462689448427,0.3295618,-0.14707191,0.045814894
565462699442350,0.3362813,-0.11408519,0.034208454
565462709440966,0.33750305,-0.101867884,0.02199115
565462719443812,0.35643986,-0.07437895,0.014049901
565462729448889,0.35338554,-0.053609528,0.02199115
565462739502927,0.34972036,-0.03711617,0.028099803
565462749451696,0.3258966,-0.042613953,0.05070182
565462759506927,0.29718593,-0.060329046,0.06475172
565462769461312,0.2837469,-0.07498981,0.07819075
565462779502120,0.2733622,-0.0523878,0.07880162
565462789444543,0.25442538,-0.0053511746,0.053756148
565462799509427,0.22754729,0.031911604,0.04092797
565462809506773,0.2312125,0.074061304,0.037262782
565462819511504,0.22388211,0.10338284,0.022602016
565462829515120,0.21594086,0.12415226,-0.0024434607
565462839511620,0.22815818,0.120487064,-0.020769417
565462849452735,0.23365596,0.09299813,-0.009162978
565462859453119,0.20677787,0.059400544,0.03481932
565462869510235,0.17867808,0.01725084,0.0720821
565462879511043,0.16523904,-0.0010751188,0.087353736
565462889511043,0.16707164,0.01725084,0.07513643
565462899506350,0.16646077,0.045961507,0.05070182
565462909506658,0.1780672,0.053291887,0.032375857
565462919453312,0.18051067,0.019083433,0.017715095
565462929510927,0.17989981,-0.046890013,0.026878072
565462939509543,0.19211711,-0.10247875,0.034208454
565462949505042,0.20922133,-0.14218499,0.012217306
565462959507966,0.22693643,-0.14707191,-0.03176499
565462969505542,0.22082779,-0.1403524,-0.04886922
565462979520196,0.18906279,-0.14646104,-0.028099801
565462989512735,0.15424347,-0.16478701,-0.0036651902
565462999514350,0.12125674,-0.17761518,-0.012828169
565463009510389,0.09498954,-0.08293106,-0.044593163
565463019521389,0.09560041,0.0025900733,-0.077579886
565463029440273,0.09376781,0.05451362,-0.118507855
565463039439927,0.09315695,0.07711563,-0.1386664
565463049437081,0.102319926,0.063676596,-0.15515977
565463059435927,0.09498954,0.03985285,-0.1704314
565463069437389,0.10720685,0.025802951,-0.20219639
565463079438889,0.12125674,0.041685447,-0.23640485
565463089437812,0.115758955,0.10521543,-0.25411993
565463099438965,0.10170905,0.10765889,-0.28221974
565463109444465,0.08399397,0.11682187,-0.29260445
565463119443042,0.08460483,0.16691282,-0.312763
565463129443042,0.079107046,0.22127983,-0.3408628
565463139441889,0.027794357,0.19256917,-0.3426954
565463149450812,0.0076358058,0.12965004,-0.2919936
565463159517004,-0.0058032274,-0.026120594,-0.20525073
565463169520235,-0.00824669,-0.05971818,-0.18814649
565463179510158,0.005803209,-0.056663856,-0.1649336
565463189512427,0.005803209,-0.024898862,-0.18509217
565463199518312,0.0076358058,0.003200939,-0.20280726
565463209449235,0.005803209,-0.0022968482,-0.20158553
565463219519812,-0.0021380372,-0.018790212,-0.19486602
565463229510042,0.0021380186,-0.0077946363,-0.1863139
565463239511465,0.005803209,0.10765889,-0.1600467
565463249512812,-0.0045815,0.18462792,-0.1545489
565463259509504,0.0021380186,0.19073656,-0.17654005
565463269520504,-0.020463996,0.19073656,-0.18997909
565463279511696,-0.01985313,0.2060082,-0.19608775
565463289514927,-0.019242264,0.20539734,-0.19975293
565463299516081,-0.040622547,0.20845166,-0.21380283
565463309517196,-0.041233413,0.23838405,-0.2089159
565463319442696,-0.05345072,0.16691282,-0.13194689
565463329437965,-0.07055494,0.08872207,-0.0842994
565463339436811,-0.07360927,0.06428746,-0.051923543
565463349439927,-0.08032879,0.07039612,-0.055588737
565463359437965,-0.08704831,0.08322428,-0.084910266
565463369501427,-0.08827004,0.09605245,-0.106901415
565463379438465,-0.07605273,0.13270438,-0.11728612
565463389438042,-0.06627889,0.16996714,-0.13133603
565463399438542,-0.061391965,0.25121224,-0.112399206
565463409437888,-0.06750062,0.22677761,-0.095294975
565463419437158,-0.08704831,0.16874541,-0.0842994
565463429439158,-0.12919801,0.08811121,-0.045814894
565463439458850,-0.14263704,0.023359492,-0.0140499
565463449441619,-0.117591575,0.04412891,-0.0140499
565463459438696,-0.096211284,0.15591724,-0.064751714
565463469437542,-0.09376782,0.3342899,-0.20586158
565463479439119,-0.1047634,0.45646298,-0.36835173
565463489437696,-0.09315696,0.32757038,-0.37201694
565463499437927,-0.0907135,0.15591724,-0.3494149
565463509437734,-0.07971792,0.033133335,-0.3640757
565463519436965,-0.08827004,-0.06338337,-0.39767328
565463529438234,-0.056505043,-0.09270491,-0.44226643
565463539438465,-0.03817909,-0.12935682,-0.48747048
565463549437504,-0.035735626,-0.14707191,-0.5540548
565463559438081,-0.0051923655,-0.13363287,-0.63652164
565463569438042,0.04062253,-0.14585018,-0.6841691
565463579438427,0.055283297,-0.1525697,-0.7495317
565463589439234,0.05222897,-0.20266065,-0.83627456
565463599439042,0.03145955,-0.30467516,-0.8790351
565463609439580,0.021685708,-0.42379385,-0.8784242
565463619501080,0.03329215,-0.55818427,-0.8790351
565463629438965,0.029626954,-0.78359354,-0.9272935
565463639439927,-0.0131336115,-0.94058585,-0.9181305
565463649437542,-0.09010263,-1.1281215,-0.9706649
565463659437157,-0.11331551,-1.2405207,-1.0543534
565463669438004,-0.08399398,-1.1372845,-1.16492
565463679440388,-0.09254609,-0.93753153,-1.2968669
565463689438273,-0.07910706,-0.7744305,-1.2901474
565463699440619,0.011911862,-0.5618494,-1.2663236
565463709439003,0.10598512,-0.5465778,-1.241889
565463719437542,0.16707164,-0.6125513,-1.1643091
565463729439119,0.2489276,-0.78481525,-0.91996306
565463739437657,0.25992316,-0.6992941,-0.5552765
565463749437580,0.45845437,-0.4567806,-0.15088372
565463759437196,0.4156938,-0.3657617,0.22968534
565463769437811,0.34483343,-0.43906552,0.39645153
565463779437773,0.39858958,-0.58445144,0.6359107
565463789439042,0.32650748,-0.7872587,1.160644
565463799438196,0.24465153,-0.8648386,1.5015068
565463809438234,0.1957823,-0.8489561,1.7537942
565463819436696,0.1518,-0.78848046,1.9339994
565463829439042,0.06444627,-0.67363775,2.1062632
565463839436580,-0.02229659,-0.5447452,2.2675316
565463849442234,-0.082772255,-0.39019626,2.4049764
565463859439196,-0.12675455,-0.16356528,2.5234842
565463869491734,-0.15485434,0.12781745,2.579073
565463879437234,-0.19456059,0.43263918,2.6047294
565463889437426,-0.247095,0.6201748,2.6584854
565463899439696,-0.301462,0.65682673,2.7501152
565463909437234,-0.3381139,0.7038634,2.8478537
565463919438196,-0.38148534,0.78816277,2.946203
565463929438234,-0.41813725,0.87368387,2.9804115
565463939437273,-0.4211916,1.0062417,2.941927
565463949438388,-0.3943135,1.0459479,2.9064968
565463959437349,-0.32345316,0.94454426,2.8973339
565463969439619,-0.22266039,0.7570086,2.9040532
565463979447734,-0.09254609,0.6348356,2.8930578
565463989443811,0.00702494,0.5578666,2.8264735
565463999444426,0.060170215,0.27320337,2.6963592
565464009442657,0.12308934,-0.11408519,2.5992315
565464019449465,0.13652837,-0.3981375,2.5711317
565464029523465,0.12247847,-0.5325279,2.4831672
565464039509503,0.124311075,-0.50137377,2.288912
565464049519619,0.15118915,-0.2936796,1.9889773
565464059510119,0.19272798,-0.10370048,1.5546521
565464069509272,0.23365596,0.034965932,1.1166617
565464079513965,0.25076017,0.063676596,0.86131996
565464089448926,0.24953845,0.01725084,0.6414085
565464099519003,0.24098635,0.07039612,0.21380284
565464109507542,0.24648413,0.1357587,-0.077579886
565464119504619,0.27091873,0.13514782,-0.31764993
565464129504157,0.30940324,0.18279532,-0.52900934
565464139442772,0.30573806,0.14125648,-0.5900959
565464149510272,0.2837469,0.0917764,-0.56932646
565464159519965,0.2929099,0.058178812,-0.58276546
565464169519195,0.36865717,0.008698724,-0.6927212
565464179507157,0.43157628,1.4661252E-4,-0.99021256
565464189512003,0.4260785,-0.19899546,-1.2113458
565464199516965,0.30512717,-0.5484104,-1.1154399
565464209452465,0.22815818,-1.0462656,-0.7703011
565464219517272,0.16707164,-1.4146173,-0.39828414
565464229518849,0.21471912,-1.3743002,-0.22113322
565464239521272,0.34300083,-1.225249,-0.2144137
565464249518426,0.3576616,-0.99678546,-0.65362585
565464259518657,0.35338554,-0.57162327,-0.8600983
565464269516465,0.40775254,-0.20632584,-0.93706733
565464279508657,0.364992,-0.013903289,-0.9639454
565464289513426,0.40591994,0.14553253,-0.98715824
565464299516080,0.5158757,0.29030758,-1.0720685
565464309515734,0.52381694,0.44852167,-1.2296717
565464319448618,0.5213735,0.48761708,-1.3921618
565464329513465,0.4975497,0.38438088,-1.4294246
565464339501426,0.40958515,0.3642223,-1.3750576
565464349512157,0.45478916,0.30374664,-1.309695
565464359502503,0.5421429,0.24388184,-1.2596041
565464369502426,0.528093,0.2481579,-1.2541063
565464379502003,0.5103779,0.21517117,-1.2687671
565464389514311,0.54641896,0.24449272,-1.2479976
565464399446272,0.56046885,0.1779084,-1.2253957
565464409509926,0.5329799,-0.20999104,-1.2076806
565464419517772,0.5519167,-0.35232264,-1.1343768
565464429515965,0.6282749,-0.3456031,-1.1160507
565464439519695,0.6081163,-0.2930687,-1.1777482
565464449445503,0.59528816,-0.07315722,-1.2168435
565464459441618,0.56230146,0.03130074,-1.1661417
565464469443426,0.49327368,-0.07193549,-1.0897835
565464479464811,0.49205196,-0.19533026,-0.97433007
565464490087926,0.47616947,-0.29795563,-0.8729265
565464499619657,0.43401974,-0.35110092,-0.8533788
565464509437772,0.3631594,-0.26619065,-0.86987215
565464519443464,0.27397305,-0.24175602,-0.88575464
565464529435272,0.30451632,-0.19960633,-0.82711154
565464539432464,0.29840767,-0.28329486,-0.7825184
565464549473657,0.24526238,-0.3846985,-0.6914995
565464559470657,0.26358834,-0.55085385,-0.54794616
565464569428695,0.19333884,-0.5392474,-0.5137377
565464579431003,0.17440203,-0.4341786,-0.49113566
565464589430195,0.20066923,-0.35598785,-0.4990769
565464599430118,0.19761491,-0.29673392,-0.5015204
565464609431772,0.22632557,-0.31322724,-0.48502702
565464619483387,0.23243421,-0.3633182,-0.4813618
565464629427811,0.21899518,-0.34926832,-0.48502702
565464639454195,0.16890423,-0.22831699,-0.5552765
565464649520041,0.17195857,-0.10003529,-0.6261369
565464659521849,0.16340645,-0.09942442,-0.7195993
565464669448426,0.13408491,-0.18799989,-0.72448623
565464679515926,0.17195857,-0.28818178,-0.6249152
565464689509349,0.18906279,-0.40730053,-0.5687156
565464699517734,0.20799962,-0.47877175,-0.5571091
565464709447810,0.23060164,-0.4903782,-0.593761
565464719510310,0.27030787,-0.5129802,-0.6249152
565464729516926,0.26847526,-0.54108,-0.65362585
565464739509272,0.26419923,-0.5618494,-0.6792822
565464749519541,0.2648101,-0.5642929,-0.69088864
565464759520810,0.26664266,-0.5966687,-0.69088864
565464769511734,0.28435776,-0.64614886,-0.65301496
565464779509541,0.29840767,-0.618049,-0.62125
565464789509310,0.31062496,-0.563682,-0.6493498
565464799515310,0.30940324,-0.44639587,-0.7281514
565464809515887,0.31978795,-0.35110092,-0.85215706
565464819508349,0.32711834,-0.30467516,-0.9615019
565464829513349,0.3100141,-0.359653,-0.99326694
565464839450080,0.30818152,-0.44883937,-0.95539325
565464849438233,0.30695978,-0.5325279,-0.9480629
565464859439272,0.29474247,-0.5618494,-0.97555184
565464869491541,0.28008172,-0.46777618,-1.0708468
565464879437580,0.2648101,-0.4531154,-1.1386528
565464889437887,0.24587324,-0.4708305,-1.138042
565464899438541,0.24526238,-0.51236933,-1.0934488
565464909445349,0.24281892,-0.5203106,-1.0867293
565464919438503,0.21899518,-0.47938263,-1.1325442
565464929438580,0.20555615,-0.39019626,-1.1771373
565464939437426,0.183565,-0.37981158,-1.2064588
565464949438387,0.15668693,-0.43295687,-1.1869111
565464959437349,0.14019357,-0.5416909,-1.1209377
565464969437810,0.12797627,-0.63515323,-1.056186
565464979516733,0.11331549,-0.6852442,-1.061073
565464989447772,0.092546076,-0.6485923,-1.0873401
565464999512426,0.07544185,-0.64187276,-1.1508701
565465009511003,0.04612032,-0.7469416,-1.2064588
565465019524387,0.024740037,-0.89538187,-1.1582005
565465029449272,0.013133593,-1.0725328,-1.0494665
565465039519041,-0.0045815,-1.116515,-1.0488555
565465049519118,-0.0021380372,-1.0597047,-1.1172725
565465059525349,0.005803209,-1.0474873,-1.1905763
565465069451079,0.005192347,-1.1152934,-1.2229522
565465079512349,-0.002748903,-1.2600684,-1.2308935
565465089476618,-0.016187938,-1.398124,-1.1869111
565465099523156,-0.030848704,-1.5312926,-1.1777482
565465109699118,-0.027183512,-1.6528548,-1.2321151
565465119444079,-0.010690153,-1.7744169,-1.3206906
565465129450156,0.033903014,-1.9173594,-1.3585643
565465139447502,0.06994407,-2.1464338,-1.2895365
565465149443272,0.042455126,-2.3339696,-1.232726
565465159450541,0.0375682,-2.2753265,-1.3939945
565465169450926,0.10842858,-1.8348926,-1.6878207
565465179447002,0.18478674,-1.0193875,-2.1166482
565465189447272,0.20005836,-0.7878696,-2.3310618
565465199507426,0.1853976,-0.45800233,-2.3573291
565465209449695,0.16340645,-0.10980913,-2.1771238
565465219518195,0.09437868,0.053291887,-1.985312
565465229523772,0.049785506,0.2787012,-1.9022343
565465239513195,-0.07544187,0.5047213,-1.9712621
565465249515079,-0.09010263,0.28542066,-2.16735
565465259521195,-0.1450805,-0.6149947,-1.9871446
565465269520579,-0.048563797,-0.6748595,-0.99326694
565465279520772,-0.24770586,-0.3804224,0.33841935
565465289518464,-0.37476584,-0.4702196,0.9260717
565465299511118,-0.3417791,-0.7084571,1.0616838
565465309518541,-0.39675698,-0.6186599,1.183246
565465319522502,-0.49021935,-0.35354435,1.4294248
565465329510079,-0.5537493,-0.2582494,1.7855592
565465339523464,-0.6569856,-0.34132707,2.4355197
565465349513233,-0.68019843,-0.32116848,2.8490753
565465359520387,-0.677755,-0.09331577,3.163671
565465369516964,-0.6899723,0.42897403,3.3487632
565465379521387,-0.6789767,0.85352534,3.4605515
565465389515887,-0.67347896,1.1485733,3.5570683
565465399514156,-0.6826419,1.385589,3.6743543
565465409521618,-0.66675943,1.5456357,3.839288
565465419454656,-0.6356053,1.629935,4.016439
565465429451233,-0.6093381,1.7020172,4.1471643
565465439448771,-0.58551437,1.761882,4.20764
565465449442195,-0.5354234,1.7227865,4.220468
565465459441387,-0.46700647,1.621383,4.2045856
565465469446618,-0.41569382,1.5230336,4.1777077
565465479445618,-0.36743546,1.5040969,4.136169
565465489449695,-0.43463063,1.5865636,4.0824127
565465499451002,-0.5354234,1.6690304,4.053091
565465509508541,-0.5073236,1.7172889,4.003611
565465519521002,-0.37904188,1.7124019,3.9553523
565465529520310,-0.2751948,1.630546,3.9003744
565465539447733,-0.2012801,1.4833274,3.84784
565465549515002,-0.12186763,1.3464936,3.7885861
565465559521425,-0.046120334,1.1528493,3.7329974
565465569522541,0.03451388,0.96958977,3.6859608
565465579510348,0.08888088,0.87612736,3.6517522
565465589518541,0.11209376,0.9023946,3.5833354
565465599509425,0.14446962,0.97630924,3.440393
565465609517271,0.18295413,0.9347704,3.2583551
565465619518771,0.23487768,0.83581024,3.0506608
565465629511271,0.24037546,0.5780251,2.9388726
565465639520002,0.26419923,0.3306247,2.8759534
565465649509117,0.36010507,0.23166455,2.6804767
565465659445925,0.3906483,0.28908587,2.4489586
565465669445733,0.36254853,0.5010561,2.1050415
565465679453771,0.3484986,0.5413732,1.6945403
565465689511656,0.3381139,0.48334098,1.3151929
565465699444848,0.32406402,0.3501724,1.0115929
565465709449079,0.355829,0.30130315,0.68050385
565465719446156,0.3753767,0.41309154,0.23823744
565465729519233,0.37904188,0.53465366,-0.2669481
565465739446348,0.34788775,0.537708,-0.66767573
565465749451117,0.31978795,0.4900605,-0.9095784
565465759450694,0.3436117,0.51571685,-1.1044444
565465769500425,0.4156938,0.64216596,-1.3194689
565465779447810,0.48716503,0.764339,-1.5173892
565465789444233,0.44929138,0.87673825,-1.7165313
565465799443194,0.46639562,0.35994625,-1.5570955
565465809443002,0.48472154,0.24021666,-0.7831293
565465819445233,0.47433686,0.02885728,-0.48563787
565465829443887,0.45784348,-0.06765943,-0.54305923
565465839448656,0.42485678,0.15530638,-0.72570795
565465849520079,0.35216382,0.18157358,-0.8729265
565465859519925,0.29657507,0.22555588,-1.0122037
565465869513771,0.4083634,0.5096082,-1.1746938
565465879513733,0.48960847,0.5102191,-1.4092661
565465889449233,0.44806966,0.2939728,-1.5332718
565465899522463,0.47555858,0.13087177,-1.4123204
565465909514963,0.59406644,0.0062552653,-1.3469578
565465919519233,0.69913524,-0.05910732,-1.3243558
565465929511310,0.6789767,-0.11836124,-1.3701707
565465939515656,0.55863625,-0.04078136,-1.4734069
565465949455810,0.5354234,0.11315668,-1.4062117
565465959520886,0.5128214,0.049626693,-1.3335187
565465969522271,0.4187481,-0.060329046,-1.3744467
565465979500925,0.3539964,-0.10247875,-1.3439035
565465989506425,0.3698789,-0.12813509,-1.323745
565465999510348,0.32711834,-0.13913067,-1.3707815
565466009500271,0.27458394,-0.1085874,-1.318858
565466019517733,0.292299,0.061233133,-1.2980887
565466029515694,0.29352075,0.1094915,-1.3579534
565466039520002,0.28619036,0.20051041,-1.3561208
565466049457271,0.27947083,0.2817555,-1.3084733
565466059521386,0.33078352,0.3856026,-1.2681562
565466069520386,0.30207285,0.47417802,-1.2333369
565466079510540,0.19883662,0.5401515,-1.2131784
565466089508079,0.104152516,0.4711237,-1.2223413
565466099516271,-0.057726774,0.22922109,-1.2382238
565466109511771,0.10354166,-0.0010751188,-1.0867293
565466119500963,0.0833831,-0.14646104,-1.069625
565466129453425,0.09804386,-0.14401758,-1.006095
565466139447809,0.06322454,-0.041392222,-1.0274754
565466149453002,0.033903014,-0.013903289,-1.1117747
565466159521194,0.032681283,0.027024683,-1.1111639
565466169448733,0.005803209,-0.122026436,-1.0122037
565466179447579,0.03145955,-0.24664295,-0.86070913
565466189508040,0.06444627,-0.34132707,-0.6988299
565466199509079,0.10598512,-0.31994677,-0.63529986
565466209451040,0.13225232,-0.19349767,-0.65179324
565466219518040,0.15363261,-0.1366872,-0.67317355
565466229516040,0.19700404,-0.04872261,-0.70432764
565466239511579,0.20555615,-0.038337898,-0.70921457
565466249512963,0.20372355,-0.054220393,-0.6811148
565466259520271,0.2134974,-0.12691337,-0.6389651
565466269514117,0.13591751,-0.60338825,-0.5045747
565466279519617,0.12003502,-0.8996579,-0.4111123
565466289509117,0.17623462,-0.9418076,-0.3481932
565466299516386,0.22082779,-0.72495043,-0.39828414
565466309512463,0.26419923,-0.53558224,-0.48197266
565466319518002,0.27397305,-0.38775283,-0.5754351
565466329528117,0.27702737,-0.36453992,-0.69088864
565466339442925,0.27397305,-0.40730053,-0.76052725
565466349443002,0.26175576,-0.42868078,-0.74525565
565466359445155,0.23915374,-0.49343252,-0.72754055
565466369447579,0.22876903,-0.6156056,-0.7281514
565466379520425,0.24281892,-0.7255613,-0.68844515
565466389508425,0.30757064,-0.885608,-0.62002826
565466399506386,0.20311269,-0.6125513,-0.67500615
565466409521732,0.18478674,-0.6449271,-0.7672468
565466419453232,0.19456057,-0.5777319,-0.8045096
565466429560194,0.15607606,-0.5600168,-0.85582227
565466439501578,0.16523904,-0.5447452,-0.84788096
565466449513117,0.14202617,-0.5985013,-0.8417723
565466459503732,0.10720685,-0.7157875,-0.870483
565466469455040,0.12614366,-0.79825425,-0.879646
565466479509886,0.1591304,-0.79519993,-0.9071349
565466489515925,0.14874569,-0.6522575,-0.9627237
565466499514771,0.15851952,-0.55207556,-1.0427469
565466509510771,0.17745635,-0.5673472,-1.1001682
565466519517501,0.15729779,-0.5795645,-1.1270463
565466529507963,0.17440203,-0.5465778,-1.1294898
565466539510117,0.18295413,-0.42135042,-1.1826351
565466549509232,0.21410826,-0.359653,-1.2455542
565466559520386,0.24526238,-0.3816442,-1.3439035
565466569510040,0.27214047,-0.5832297,-1.382388
565466579520040,0.23304507,-0.74755245,-1.3469578
565466589506732,0.25076017,-0.826965,-1.3151928
565466599516155,0.25381452,-0.87277985,-1.3304645
565466609510501,0.25686884,-0.9387533,-1.3567317
565466619517809,0.2764165,-0.98090297,-1.4165964
565466629452694,0.28435776,-1.0248853,-1.4972306
565466639517924,0.2941316,-1.0878044,-1.5833627
565466649509271,0.32528573,-1.2154752,-1.6530013
565466659518617,0.38453966,-1.3584177,-1.7299703
565466669511232,0.43585235,-1.6369723,-1.7941113
565466679517924,0.4926628,-1.9766133,-1.803885
565466689507194,0.550695,-2.4567535,-1.7568485
565466699519271,0.4999932,-2.7072082,-1.7373008
565466709450732,0.4944954,-2.8550375,-1.7049248
565466719519617,0.5012149,-2.6033611,-1.8961257
565466729447309,0.56413406,-2.040754,-2.3732116
565466739519347,0.48533243,-1.511134,-2.4312437
565466749517463,0.43585235,-1.0835284,-2.0775528
565466759509809,0.35827246,-0.71639836,-1.7305812
565466769511771,0.24098635,-0.44700676,-1.5106697
565466779536732,0.21960604,-0.22404094,-1.3811663
565466789506463,0.2819143,0.08383515,-1.4605788
565466799509540,0.22510383,-0.12019384,-1.4892894
565466809448001,0.13713925,-0.3804224,-1.2333369
565466819509924,0.0039706156,-0.44334155,-0.25411993
565466829443501,-0.1627956,-0.45250452,0.906524
565466839509040,-0.25870144,-0.5618494,1.428203
565466849451770,-0.3124576,-0.38775283,1.491733
565466859457770,-0.3594942,0.038631123,1.5619825
565466869505040,-0.41691554,0.40759373,1.8173242
565466879520578,-0.48899764,0.53465366,2.2107213
565466889505655,-0.6398814,0.44302392,2.882673
565466899519924,-0.72295904,0.39965248,3.26874
565466909433847,-0.77732605,0.47601062,3.5381315
565466919441501,-0.7846564,0.5963511,3.7329974
565466929437117,-0.7461719,0.7570086,3.919922
565466939436732,-0.7058548,0.9475986,4.1331143
565466949436770,-0.6637051,1.0917628,4.3573017
565466959437309,-0.64721173,1.1827817,4.5411725
565466969436040,-0.65087694,1.2121032,4.683504
565466979442078,-0.64660084,1.1852251,4.7952924
565466989442809,-0.61911196,1.204162,4.8722615
565466999446463,-0.5555819,1.2218771,4.9339585
565467009504847,-0.46822822,1.2279857,4.9675565
565467019452270,-0.44073927,1.3043439,4.9577823
565467029447693,-0.4999932,1.4344581,4.915022
565467039521424,-0.48655418,1.6336002,4.72993
565467049522809,-0.42607853,1.7398908,4.578435
565467059450040,-0.36560285,1.8559552,4.4605384
565467069519501,-0.30390546,1.9799609,4.326759
565467079518155,-0.19639318,1.9292591,4.1581597
565467089528155,-0.015577074,1.7857057,3.9877284
565467099446655,0.12858713,1.6073331,3.8722746
565467109446540,0.20189096,1.4436212,3.7885861
565467119502963,0.24220806,1.3049548,3.6554174
565467129513770,0.30695978,1.176673,3.431841
565467139458116,0.37048978,1.0141829,3.181386
565467149508924,0.32467487,0.6537724,2.9413161
565467159459193,0.24648413,0.39354384,2.7214046
565467169455116,0.26664266,0.40698284,2.4917192
565467179445616,0.3313944,0.51388425,2.1520782
565467189442539,0.3118467,0.5633643,1.7324139
565467199445193,0.2764165,0.6672115,1.0647382
565467209450039,0.31612277,0.6879809,0.5839872
565467219514578,0.35338554,0.6000163,0.1459968
565467229524193,0.32406402,0.45035428,-0.20525073
565467239516309,0.2751948,0.33367902,-0.49968776
565467249515309,0.27275133,0.33184642,-0.77274454
565467259515539,0.30940324,0.33551162,-1.0671816
565467269453693,0.3436117,0.23655145,-1.3738359
565467279446847,0.36682457,0.085667744,-1.6413949
565467289447155,0.364992,0.042296313,-1.7348573
565467299446886,0.26419923,0.15286292,-1.7660114
565467309442309,0.34055737,-0.113474324,-1.5369369
565467319454078,0.36377025,-0.35904217,-0.81489426
565467329516309,0.44073927,-0.098813556,-0.010384709
565467339445424,0.64904433,0.28969675,0.30543262
565467349446039,0.6728681,0.66232455,-0.16982053
565467359444616,0.47128254,1.0459479,-1.7232509
565467369449616,0.43707407,1.3208373,-2.0506747
565467379516770,0.45784348,1.3025113,-1.8234327
565467389519347,0.5335908,1.1577362,-1.7458528
565467399521078,0.65148777,0.9194988,-1.8692477
565467409443655,0.6881397,0.57008386,-1.7684549
565467419466962,0.59712076,0.11498928,-1.4556918
565467429507309,0.5537493,-0.3755355,-1.328021
565467439505232,0.6197228,-0.60522085,-1.2919799
565467449448693,0.7516697,-0.5587951,-1.1863003
565467459504001,0.8341365,-0.3999701,-1.1496483
565467469510539,0.75411314,-0.25886023,-1.2211196
565467479452885,0.5842926,-0.14096326,-1.3231341
565467489519693,0.47311515,-0.07743327,-1.4153748
565467499520039,0.44745877,-0.068270296,-1.3347405
565467509447732,0.44135013,-0.2527516,-1.0659598
565467519520808,0.4523457,-0.35171175,-1.0030407
565467529516308,0.514654,-0.29795563,-1.0122037
565467539512270,0.5830709,-0.22404094,-1.0586294
565467549520039,0.5152648,-0.17394999,-1.1044444
565467559520616,0.5299256,-0.114696056,-1.0751228
565467569520193,0.54519725,-0.10247875,-1.0439687
565467579519270,0.4633413,-0.18738902,-0.98899084
565467589512193,0.37965274,-0.34010535,-0.838718
565467599521616,0.3717115,-0.49954116,-0.68661255
565467609447308,0.31612277,-0.65653354,-0.59925884
565467619520116,0.2587014,-0.7212853,-0.5229007
565467629505385,0.24770585,-0.649814,-0.49235737
565467639512770,0.21594086,-0.49404335,-0.56443954
565467649518616,0.20677787,-0.37064856,-0.63652164
565467659518770,0.21594086,-0.38408762,-0.62186086
565467669507462,0.20799962,-0.5025955,-0.5736025
565467679519770,0.19272798,-0.62171423,-0.5186246
565467689441501,0.17684548,-0.6553118,-0.5216789
565467699503924,0.13469578,-0.6143838,-0.56749386
565467709454731,0.129198,-0.5258084,-0.6273586
565467719509193,0.15790866,-0.4671653,-0.679893
565467729507731,0.16035213,-0.4708305,-0.69577557
565467739449347,0.17501289,-0.5080933,-0.6860017
565467749519539,0.19211711,-0.518478,-0.716545
565467759521808,0.19333884,-0.4897673,-0.77824235
565467769516116,0.1713477,-0.43051338,-0.8338311
565467779520847,0.20311269,-0.3669834,-0.8454375
565467789509731,0.20677787,-0.38530934,-0.8240572
565467799509731,0.23609942,-0.37858987,-0.83199847
565467809521847,0.24037546,-0.44089812,-0.8228355
565467819519693,0.16646077,-0.48549128,-0.838718
565467829510385,0.03573561,-0.47938263,-0.8863655
565467839509001,-0.0070249587,-0.42257214,-0.92607176
565467849519654,0.03451388,-0.37431377,-0.93706733
565467859524501,0.04795291,-0.3865311,-0.92240655
565467869447116,0.07849617,-0.42745906,-0.88392204
565467879524924,0.11026117,-0.46044576,-0.8735373
565467889517424,0.16646077,-0.47755003,-0.9004154
565467899505000,0.1591304,-0.37003773,-0.9315695
565467909515385,0.13713925,-0.29856652,-0.965778
565467919506154,0.12003502,-0.27657533,-0.98838
565467929506577,0.08582656,-0.30039907,-1.028697
565467939514077,0.08765915,-0.35476607,-1.0384709
565467949449500,0.07177666,-0.40913308,-1.0439687
565467959521347,0.04795291,-0.4024136,-1.0616838
565467969517154,0.058337625,-0.32910973,-1.0861183
565467979437077,0.10720685,-0.3443814,-1.1490375
565467989506308,0.13347405,-0.36026388,-1.1313224
565467999514077,0.10842858,-0.41524178,-1.0531317
565468009510770,0.09926559,-0.4708305,-0.9676106
565468019514000,0.0852157,-0.50992584,-0.93645644
565468029447423,0.09437868,-0.54046917,-0.95417154
565468039451539,0.08216137,-0.5850623,-0.9853257
565468049519385,0.079717904,-0.63515323,-0.99326694
565468059513462,0.077885315,-0.69440717,-0.997543
565468069448154,0.067500606,-0.79886514,-1.0128145
565468079521270,0.07177666,-0.96257704,-1.0323622
565468089522654,0.07727444,-1.0920805,-1.0305296
565468099508193,0.07422012,-1.1855428,-1.0708468
565468109446385,0.07360925,-1.2466294,-1.1832459
565468119445731,0.07544185,-1.3327614,-1.3115276
565468129448731,0.12064588,-1.6962262,-1.4165964
565468139459846,0.13103059,-1.6992805,-1.53205
565468149446616,0.15241088,-1.8269514,-1.5809193
565468159560731,0.17684548,-1.9588982,-1.6811011
565468169449539,0.22143865,-2.1977465,-1.7226399
565468179504423,0.23304507,-2.5092878,-1.6872097
565468189441500,0.26847526,-2.7267559,-1.6328428
565468199448346,0.33078352,-2.662615,-1.7238617
565468209449654,0.36010507,-2.462862,-1.9761491
565468219524000,0.38270706,-2.100008,-2.2681427
565468229520116,0.39492437,-1.7206608,-2.2553146
565468239455385,0.4187481,-1.1562213,-2.04029
565468249510962,0.40958515,-0.6663074,-1.8894062
565468259511193,0.36926803,-0.3456031,-1.8912388
565468269521769,0.39370266,-0.1366872,-1.8674151
565468279512116,0.40408736,-0.015735883,-1.7501289
565468289519385,0.38331795,0.034965932,-1.8881844
565468299517616,0.090713486,-0.22281921,-1.6853771
565468309517846,-0.07605273,-0.03589444,-0.8124508
565468319512962,-0.15851954,-0.041392222,0.3359759
565468329518000,-0.23182337,-0.10553308,0.7904596
565468339446500,-0.2874121,-0.0804876,0.86131996
565468349445423,-0.3717115,0.15408465,0.9376781
565468359450231,-0.464563,0.4576847,1.1814134
565468369515923,-0.5305365,0.62384003,1.5302175
565468379521192,-0.6068946,0.61956394,1.9242256
565468389518039,-0.6899723,0.55603397,2.3273964
565468399516462,-0.79320854,0.45279777,2.6713135
565468409513346,-0.8555168,0.40881544,2.968805
565468419440654,-0.8549059,0.39965248,3.2925637
565468429450346,-0.7968737,0.45646298,3.6181548
565468439440962,-0.6765333,0.6611028,3.9852846
565468449437308,-0.62949663,0.8828469,4.133725
565468459437385,-0.61850107,1.0563326,4.243681
565468469436615,-0.63804877,1.1760622,4.349972
565468479440962,-0.6478226,1.2634159,4.4642034
565468489438577,-0.62888575,1.3452718,4.5643854
565468499437885,-0.58246005,1.3568783,4.6279154
565468509438577,-0.559858,1.3269459,4.6401324
565468519437462,-0.56230146,1.3611543,4.6083674
565468529437692,-0.5201518,1.4814948,4.53934
565468539440500,-0.4547892,1.5627398,4.4440446
565468549437654,-0.46883908,1.5816767,4.329813
565468559439115,-0.5366451,1.6543697,4.243681
565468569438654,-0.5390886,1.7136236,4.174042
565468579437654,-0.43951756,1.7374474,4.026213
565468589438423,-0.2965751,1.775321,3.8289032
565468599437846,-0.12431109,1.8095294,3.539964
565468609436885,-0.0326813,1.7783753,3.3719761
565468619438731,0.0534507,1.6934651,3.2217033
565468629437462,0.13836098,1.552966,3.0708196
565468639437346,0.2116648,1.3477154,2.9254336
565468649437423,0.2678644,1.0068525,2.7696629
565468659436115,0.2648101,0.6452203,2.4959953
565468669437346,0.20983219,0.5267124,2.261423
565468679436154,0.17440203,0.578636,2.166739
565468689438577,0.21044308,0.6678223,1.9645426
565468699437115,0.20861048,0.8303125,1.6933185
565468709437731,0.20616701,0.9524855,1.3548992
565468719438500,0.2574797,0.9689789,0.9621127
565468729436769,0.32650748,0.8755165,0.5833763
565468739436961,0.36865717,0.66354626,0.26083946
565468749440115,0.33444872,0.27686858,-0.07452556
565468759438731,0.28069258,0.06550919,-0.23518312
565468769438615,0.26175576,-0.019401075,-0.44837508
565468779507731,0.2910773,-0.0077946363,-0.70921457
565468789514115,0.3191771,0.19073656,-0.95600414
565468799443846,0.34972036,0.50166696,-1.3628403
565468809446038,0.35643986,0.21089512,-1.5515977
565468819450615,0.33444872,-0.10125702,-1.2321151
565468829446346,0.29901853,-0.17761518,-0.7531969
565468839444654,0.33322698,-0.10247875,-0.40439278
565468849449538,0.49083024,0.26526213,-0.4709771
565468859442154,0.6062837,0.6995873,-1.0164797
565468869442346,0.54825157,1.1339124,-1.4239268
565468879508077,0.4633413,1.1974425,-1.5509868
565468889522846,0.4633413,1.0734369,-1.4892894
565468899458884,0.5677992,1.0642738,-1.3891076
565468909447846,0.73884153,0.9671463,-1.6242907
565468919448769,0.7266242,0.69286776,-1.6652186
565468929453577,0.6038403,0.3831591,-1.4746287
565468939447423,0.49083024,0.15652812,-1.2956451
565468949458077,0.50243664,-0.10247875,-1.1704178
565468959453038,0.52931476,-0.40119183,-1.0842857
565468969518269,0.49693888,-0.6064426,-1.1081095
565468979440038,0.48166722,-0.6131621,-1.1447614
565468989450807,0.43096542,-0.49404335,-1.0396926
565468999721961,0.3436117,-0.24114516,-0.96089107
565469009434154,0.38759398,0.034355067,-1.0341948
565469019436423,0.3662137,0.4222545,-1.219287
565469029438154,0.3735441,0.46623677,-1.3274101
565469039434769,0.4615087,0.5303776,-1.3738359
565469049434192,0.37232235,0.2597643,-1.2877039
565469059436384,0.33505958,0.2597643,-1.0506881
565469069434500,0.301462,-0.30467516,-0.79962265
565469079439577,0.33200526,-0.33705097,-0.78007495
565469089492500,0.26358834,-0.12508076,-0.8179486
565469099455269,0.24648413,0.019694299,-0.8827003
565469109520038,0.25625795,0.11498928,-0.90652406
565469119444115,0.20555615,0.04107458,-0.8778134
565469129449961,0.16707164,-0.090261444,-0.7507534
565469139514653,0.12247847,-0.19960633,-0.6267478
565469149448038,0.092546076,-0.17883691,-0.5699373
565469159444346,0.08582656,-0.087207116,-0.56382865
565469169438923,0.080939636,-0.08109847,-0.5907067
565469179457538,0.09682214,-0.13485461,-0.58643067
565469189498538,0.08888088,-0.25519508,-0.5149594
565469199524423,0.08032878,-0.2949013,-0.41172317
565469209452423,0.08399397,-0.17578258,-0.40439278
565469219509076,0.104152516,0.027024683,-0.5009095
565469229453961,0.12797627,0.08016996,-0.539394
565469239456115,0.13164145,0.03740939,-0.5314528
565469249522076,0.13408491,-0.029785786,-0.48380527
565469259519923,0.12064588,-0.06888116,-0.4642576
565469269520807,0.12797627,-0.037727036,-0.48930305
565469279512423,0.14202617,0.0062552653,-0.5314528
565469289513038,0.1554652,-0.01756848,-0.54550266
565469299519230,0.15363261,-0.05971818,-0.5009095
565469309510269,0.14080444,-0.11713952,-0.46303585
565469319520730,0.14385876,-0.17211738,-0.44776422
565469329518807,0.16829337,-0.17883691,-0.45753807
565469339442576,0.19211711,-0.17822604,-0.48380527
565469349515576,0.19639318,-0.19533026,-0.48624873
565469359506192,0.19089538,-0.27718621,-0.4550946
565469369500846,0.2220495,-0.37187034,-0.40622538
565469379444269,0.2556471,-0.3810333,-0.37995818
565469389447153,0.27091873,-0.40730053,-0.33964106
565469399520884,0.2751948,-0.5062607,-0.3090978
565469409521076,0.27947083,-0.5752885,-0.30482176
565469419569499,0.25320363,-0.5758993,-0.3090978
565469429518769,0.2134974,-0.51542366,-0.30176744
565469439439499,0.1957823,-0.42073953,-0.3286455
565469449443922,0.17195857,-0.33399665,-0.38056904
565469459444153,0.17379116,-0.25947112,-0.39706242
565469469451461,0.13958271,-0.23381478,-0.39828414
565469479456499,0.11636983,-0.19960633,-0.40011674
565469489509807,0.102930784,-0.12813509,-0.42821655
565469499518846,0.09193522,-0.14462845,-0.43310344
565469509516769,0.09437868,-0.20388238,-0.4092797
565469519520153,0.09498954,-0.25152987,-0.37629297
565469529518922,0.1114829,-0.24297775,-0.38423425
565469539509115,0.115758955,-0.25519508,-0.42577308
565469549520153,0.102930784,-0.2545842,-0.4447099
565469559512384,0.09804386,-0.2576385,-0.4447099
565469569519884,0.068111464,-0.24297775,-0.45081854
565469579508461,0.06200281,-0.24786468,-0.4538729
565469589510653,0.049785506,-0.25702766,-0.45875978
565469599515692,0.030848686,-0.2759645,-0.44532076
565469609512499,0.020463977,-0.30223167,-0.4251622
565469619521461,0.005192347,-0.2668015,-0.39828414
565469629511461,0.011301,-0.21121277,-0.39767328
565469639510307,9.162873E-4,-0.19227594,-0.42638394
565469649455461,-0.009468421,-0.22709526,-0.41905355
565469659444692,-0.0076358244,-0.3113947,-0.3921755
565469669447038,-0.011301015,-0.35171175,-0.36590827
565469679442922,-0.03634649,-0.28573835,-0.35735616
565469689505307,-0.01985313,-0.16967392,-0.40866885
565469699505538,-0.022907456,-0.1806695,-0.4147775
565469709453384,-0.024129186,-0.24175602,-0.37873644
565469719522653,-0.016798804,-0.31567073,-0.32742378
565469729509845,-0.042455144,-0.31689245,-0.30543262
565469739518538,-0.04306601,-0.26008198,-0.31887165
565469749509884,-0.049174663,-0.20082806,-0.37384954
565469759520499,-0.04550947,-0.18799989,-0.40744713
565469769521653,-0.0326813,-0.13485461,-0.38912115
565469779512422,-0.0131336115,-0.19227594,-0.344528
565469789458845,0.008857537,-0.36087477,-0.31581733
565469799507845,0.010690134,-0.49954116,-0.27183503
565469809513307,-0.01740967,-0.55085385,-0.22235495
565469819525807,-0.0058032274,-0.42806995,-0.22602014
565469829514115,-0.0021380372,-0.36270732,-0.2724459
565469839510768,0.033903014,-0.3773681,-0.30970868
565469849508884,0.049785506,-0.3950832,-0.25595254
565469859441691,0.054061566,-0.4176852,-0.19914207
565469869493422,0.041233394,-0.49343252,-0.15699236
565469879439614,0.045509454,-0.53130615,-0.1600467
565469889436730,0.048563775,-0.5746776,-0.172264
565469899438230,0.066278875,-0.6149947,-0.172264
565469909435038,0.07422012,-0.6467597,-0.14966199
565469919438884,0.004581481,-0.5221432,-0.11728612
565469929437191,0.005192347,-0.31383812,-0.11728612
565469939438422,0.00335975,-0.15990008,-0.19486602
565469949440499,-0.00824669,-0.049944337,-0.226631
565469959514307,-0.009468421,-0.006572906,-0.18570304
565469969520307,-0.006414093,0.007476995,-0.12889257
565469979462384,-0.024129186,7.574763E-4,-0.083688535
565469989450768,-0.02107486,0.06550919,-0.059864797
565469999517191,-0.08338311,0.2304428,-0.053145275
565470009452461,-0.1029308,0.32818127,-0.07941248
565470019511499,-0.11820243,0.33184642,-0.09162978
565470029524422,-0.13775012,0.25671,-0.04764749
565470039518384,-0.10720686,0.16752368,0.02565634
565470049521653,-0.10537426,0.10032851,0.087964594
565470059514345,-0.09498955,0.06428746,0.11789699
565470069522345,-0.085826576,0.086889476,0.1160644
565470079519191,-0.088880904,0.14308909,0.09529498
565470089510691,-0.09804388,0.18096273,0.049480088
565470099516884,-0.09010263,0.18157358,0.006108653
565470109455960,-0.07055494,0.16691282,0.029932396
565470119518460,-0.06994408,0.11926533,0.048258357
565470129443845,-0.06811149,0.11437841,0.05681047
565470139464922,-0.05833764,0.15164119,0.036651917
565470149444537,-0.09682215,0.15286292,-0.0146607645
565470159450807,-0.10109821,0.13087177,-0.02932153
565470169447114,-0.09987648,0.12415226,-0.022602014
565470179443576,-0.07971792,0.13453697,-0.035430185
565470189447960,-0.066889755,0.14492168,-0.058643065
565470199506153,-0.05589418,0.13759129,-0.0580322
565470209455114,-0.055283315,0.10277197,-0.040317103
565470219528191,-0.054061584,0.074061304,-0.017104225
565470229511999,-0.057726774,0.08016996,0.001832597
565470239526653,-0.05711591,0.097274184,0.0042760577
565470249511537,-0.061391965,0.08872207,0.0048869234
565470259513845,-0.060170237,0.057567947,0.03604105
565470269519730,-0.06322456,0.03130074,0.07330383
565470279519730,-0.08032879,0.015418243,0.092240654
565470289510614,-0.084604844,0.038631123,0.1020145
565470299512730,-0.096211284,0.08811121,0.098960176
565470309448806,-0.10231994,0.10216111,0.11667526
565470319522076,-0.11209378,0.08505688,0.13744469
565470329522806,-0.12553282,0.067952655,0.15882497
565470339516999,-0.1346958,0.05695708,0.16371189
565470349442960,-0.160963,0.015418243,0.15332718
565470359446153,-0.15913041,0.014196511,0.13439035
565470369441691,-0.14996743,0.05145929,0.09101892
565470379448076,-0.14813483,0.08811121,0.047036625
565470389522191,-0.14996743,0.078337364,0.031154128
565470399512422,-0.15546522,0.038020257,0.05192355
565470409529268,-0.16829339,-0.024898862,0.08124508
565470419456960,-0.17745636,-0.0664377,0.098960176
565470429464383,-0.18173242,-0.07437895,0.10140363
565470439521345,-0.18478674,-0.07071376,0.089186326
565470449445576,-0.18234327,-0.07437895,0.08979719
565470459498229,-0.1872302,-0.09331577,0.111177474
565470469512691,-0.19456059,-0.09331577,0.13988814
565470479446806,-0.19333886,-0.09209404,0.13683382
565470489451960,-0.19822578,-0.09209404,0.11545354
565470499522806,-0.20616703,-0.12141557,0.10445796
565470509510460,-0.2171626,-0.13913067,0.103847094
565470519522999,-0.22143866,-0.15684576,0.10140363
565470529521922,-0.19639318,-0.09820269,0.13316862
565470539521691,-0.18051068,-0.06093991,0.112399206
565470549512883,-0.17195858,-0.067048565,0.026267206
565470559514499,-0.18112156,-0.11530692,0.0067195185
565470569522345,-0.19028454,-0.17761518,0.03604105
565470579522960,-0.20677789,-0.24664295,0.049480088
565470589511306,-0.19578232,-0.24297775,0.059864797
565470599521768,-0.20799962,-0.1947194,0.018325957
565470609508883,-0.19578232,-0.08903971,-0.039095376
565470619512922,-0.18234327,-0.026120594,-0.11301007
565470629510575,-0.1750129,-0.015735883,-0.114231795
565470639511845,-0.18845193,-0.024898862,-0.09407324
565470649523306,-0.23182337,-0.098813556,-0.076358154
565470659512383,-0.24648413,-0.16723047,-0.064751714
565470669521191,-0.23060164,-0.22159748,-0.050701812
565470679520114,-0.25014934,-0.22953872,-0.06108652
565470689512768,-0.2312125,-0.21915402,-0.05497787
565470699524268,-0.23548856,-0.19227594,-0.06658431
565470709448037,-0.21044308,-0.06277251,-0.100792766
565470719514306,-0.19272798,0.06612006,-0.18936822
565470729510768,-0.19333886,0.14186735,-0.22174408
565470739511229,-0.17379117,0.13942389,-0.21074851
565470749506575,-0.17440203,0.022137761,-0.17165314
565470759457883,-0.20250183,-0.09637009,-0.14355333
565470769522075,-0.21349742,-0.19899546,-0.17104226
565470779515191,-0.1872302,-0.14340672,-0.20341812
565470789513614,-0.19456059,-0.10064615,-0.25778514
565470799511883,-0.18234327,-0.05116607,-0.25534168
565470809519960,-0.1908954,-0.04750088,-0.25411993
565470819511268,-0.19333886,-0.07315722,-0.23579398
565470829514575,-0.16890424,-0.1544023,-0.22113322
565470839452229,-0.13530666,-0.28818178,-0.20708331
565470849514191,-0.088880904,-0.29917735,-0.18936822
565470859459729,-0.06322456,-0.28207314,-0.16187929
565470869525191,-0.018020533,-0.1702848,-0.087964594
565470879522498,0.019242246,-0.06338337,-0.008552113
565470889528229,0.029016089,-0.055442125,6.1086565E-4
565470899521037,-0.0045815,-0.025509728,0.0103847105
565470909511306,-0.05345072,-0.06949203,0.05497787
565470919526960,-0.052228987,-0.10064615,0.099571034
565470929522191,-0.0149662085,-0.10675481,0.1001819
565470939533152,-0.015577074,-0.13057855,0.0739147
565470949518152,-0.02229659,-0.12996769,0.09101892
565470959516691,-0.02229659,-0.16112182,0.12767084
565470969522421,-0.028405244,-0.13302201,0.12950343
565470979446037,-0.04428774,-0.07376808,0.087964594
565470989451806,-0.019242264,-0.0071837716,0.065973446
565470999444037,-0.034513894,0.061844,0.048869222
565471009440344,-0.056505043,0.0337442,0.07513643
565471019498614,-0.065668024,-0.015735883,0.13744469
565471029502729,-0.09682215,-0.048111744,0.16798794
565471039505575,-0.12614368,-0.0804876,0.16249016
565471049499229,-0.17928895,-0.16784133,0.1459968
565471059504806,-0.14752397,-0.1366872,0.1282817
565471069505575,-0.12797628,-0.08537452,0.08124508
565471079507498,-0.11514811,-0.0016859844,-0.008552113
565471089509652,-0.11209378,0.014196511,-0.0140499
565471099502691,-0.105985135,0.0044226684,0.0048869234
565471109504960,-0.09987648,0.023359492,-0.005497786
565471119505614,-0.08521571,0.06612006,-0.029932396
565471129511960,-0.06933321,0.1339261,-0.03481932
565471139441883,-0.066889755,0.15164119,-0.045814894
565471149442767,-0.06750062,0.14308909,-0.019547688
565471159443614,-0.052839853,0.118654475,-0.023823744
565471169448190,-0.04795293,0.052070156,-0.047036625
565471179518767,-0.009468421,-0.046890013,-0.03176499
565471189508767,0.01496619,-0.12141557,0.003665192
565471199515190,0.05650503,-0.14646104,0.048869222
565471209447614,0.068111464,-0.11286346,0.043982297
565471219511344,0.07727444,-0.06093991,0.02565634
565471229520729,0.089491755,-0.04566828,0.00794125
565471239518921,0.07238752,-0.026120594,-0.027488936
565471249512806,0.054061566,0.016639974,-0.031154126
565471259512344,0.029016089,0.07039612,-0.0030543255
565471269509767,3.0542165E-4,0.045961507,0.008552114
565471279513267,-0.043676876,0.01725084,-0.005497786
565471289512575,-0.03634649,0.038631123,0.003665192
565471299510883,-0.0467312,0.038631123,-0.0140499
565471309516652,-0.03878995,0.038631123,-0.03176499
565471319512306,-0.032070436,0.03618766,-0.03848451
565471329510267,-0.0326813,0.011142187,-0.028710667
565471339517767,-0.013744477,-0.032229245,-0.008552113
565471349504960,0.010079268,-0.027953189,-0.008552113
565471359446306,0.038179066,-0.04444655,-0.028710667
565471369450921,0.051007237,-0.061550777,-0.03481932
565471379522267,0.080939636,-0.03284011,-0.049480084
565471389508421,0.06078108,-0.024898862,-0.03359759
565471399510267,0.046731185,-0.03161838,0.006108653
565471409507036,0.04306599,-0.036505304,0.02076942
565471419509883,0.06078108,0.006866129,0.006108653
565471429520729,0.07483098,0.03618766,-0.010995573
565471439515844,0.08888088,0.05268102,6.1086565E-4
565471449509729,0.07055493,0.044739775,0.020158553
565471459513575,0.045509454,0.027635548,0.04520403
565471469508575,0.03451388,0.017861705,0.06719518
565471479512883,0.03329215,0.025192086,0.0580322
565471489518036,0.04306599,0.043518044,0.017104229
565471499513690,0.05039637,0.03985285,-0.017104225
565471509514113,0.05467243,0.02458122,-0.023212878
565471519509421,0.03451388,0.0038118027,-0.011606439
565471529518190,0.03023782,0.021526895,-0.006108652
565471539510306,0.018020514,0.05145929,-0.017104225
565471549520190,0.008857537,0.079559095,-0.023823744
565471559509882,0.00702494,0.08016996,-0.023823744
565471569519190,0.0064140745,0.063676596,-0.031154126
565471579511806,0.03329215,0.06001141,-0.02932153
565471589519652,0.036346477,0.061844,-0.03481932
565471599508729,0.042455126,0.061233133,-0.016493361
565471609515882,0.041233394,0.05451362,0.0
565471619510690,0.039400797,0.05573535,0.012828171
565471629520306,0.036346477,0.036798526,0.031154128
565471639512113,0.04795291,0.053902753,0.048869222
565471649523652,0.046731185,0.07100698,0.052534416
565471659513229,0.04062253,0.0758939,0.0580322
565471669520036,0.03023782,0.07161785,0.06963864
565471679510344,0.020463977,0.07345044,0.06841691
565471689519690,0.010079268,0.07100698,0.05925393
565471699524421,0.0027488843,0.061233133,0.05497787
565471709447498,-0.0015271716,0.058789678,0.056199603
565471719500536,-0.074831,0.15408465,0.052534416
565471729503575,-0.074220136,0.038631123,0.055588737
565471739502344,0.027183492,0.07283957,0.019547688
565471749468652,0.01863138,0.066730924,0.020158553
565471759456613,0.09804386,0.052070156,0.0024434626
565471769442459,0.024740037,0.0777265,0.025045475
