565461858506236,-18.18,41.4,-44.7,-37.008,50.145,-41.05
565461868575774,-18.010002,42.0,-46.2,-36.838,50.741,-42.542
565461879529851,-18.18,41.699997,-45.3,-37.012,50.433,-41.645
565461888583543,-18.009998,41.699997,-44.399998,-36.842,50.433,-40.745
565461898581812,-17.66,41.7,-43.8,-36.494,50.428,-40.146
565461908797812,-18.179998,41.699997,-45.3,-37.016,50.426,-41.646
565461928512812,-17.49,41.7,-45.3,-36.327,50.423,-41.649
565461948498736,-16.970001,42.0,-43.8,-35.81,50.719,-40.149
565461968516082,-17.32,41.699997,-44.399998,-36.159,50.42,-40.746
565461988538505,-17.83,41.7,-44.7,-36.673,50.414,-41.057
565461998514928,-16.970001,41.4,-43.800003,-35.816,50.112,-40.164
565462018519274,-16.970001,41.699997,-43.2,-35.816,50.413,-39.569
565462038530966,-17.490002,41.7,-45.300003,-36.332,50.417,-41.657
565462048521389,-17.32,42.0,-43.2,-36.161,50.718,-39.555
565462058539697,-17.66,41.4,-46.2,-36.502,50.115,-42.554
565462068520005,-16.8,41.1,-44.1,-35.642,49.814,-40.453
565462078540851,-18.350002,41.399998,-45.0,-37.192,50.114,-41.353
565462088523351,-17.14,42.0,-45.300003,-35.982,50.715,-41.65
565462098545043,-17.830002,42.0,-45.3,-36.672,50.714,-41.649
565462108518312,-17.83,41.4,-45.9,-36.673,50.112,-42.25
565462118533697,-17.49,41.7,-44.1,-36.334,50.41,-40.452
565462128520735,-17.140001,41.1,-46.5,-35.985,49.807,-42.849
565462138531158,-17.140001,41.4,-46.5,-35.985,50.105,-42.847
565462148531928,-18.18,42.3,-46.5,-37.027,51.002,-42.847
565462159198082,-17.83,41.7,-44.699997,-36.679,50.396,-41.044
565462168552966,-17.83,41.7,-45.3,-36.679,50.396,-41.644
565462178584274,-17.490002,41.7,-45.3,-36.338,50.395,-41.639
565462188540889,-18.009998,41.4,-45.0,-36.857,50.095,-41.334
565462198554466,-17.14,41.1,-45.300003,-35.987,49.794,-41.63
565462208516505,-17.66,41.699997,-45.0,-36.508,50.392,-41.327
565462218548774,-17.490002,42.0,-45.3,-36.338,50.689,-41.625
565462228527466,-17.659998,41.7,-47.4,-36.51,50.387,-43.726
565462238538581,-16.97,41.7,-42.6,-35.82,50.386,-38.925
565462248514197,-17.49,41.7,-44.7,-36.339,50.387,-41.025
565462258534543,-17.49,41.699997,-44.1,-36.335,50.391,-40.412
565462268515966,-18.18,42.0,-45.3,-37.019,50.697,-41.596
565462278534005,-17.490002,42.0,-44.100002,-36.324,50.703,-40.381
565462288514120,-18.179998,41.1,-45.3,-37.009,49.807,-41.568
565462298536389,-17.83,41.699997,-45.3,-36.653,50.413,-41.554
565462308519697,-17.83,42.3,-45.3,-36.645,51.023,-41.536
565462318545889,-17.489998,40.8,-45.3,-36.294,49.537,-41.513
565462328525312,-17.829998,41.7,-46.5,-36.62,50.455,-42.686
565462338540851,-18.180002,42.0,-45.3,-36.955,50.774,-41.458
565462348513658,-18.01,42.0,-46.8,-36.772,50.792,-42.932
565462358536735,-18.349998,40.8,-45.6,-37.1,49.605,-41.703
565462368507581,-18.35,41.699997,-44.4,-37.091,50.517,-40.485
565462378536735,-17.83,41.1,-44.7,-36.564,49.924,-40.771
565462388523158,-18.010002,41.1,-45.0,-36.74,49.929,-41.063
565462398535774,-18.01,40.8,-45.6,-36.743,49.626,-41.67
565462408546581,-19.050001,41.1,-45.0,-37.791,49.918,-41.087
565462418536389,-17.66,41.7,-43.8,-36.411,50.507,-39.911
565462428510043,-17.830002,42.0,-45.3,-36.588,50.799,-41.432
565462438602812,-18.180002,40.2,-45.899998,-36.942,48.998,-42.045
565462458535274,-18.529999,41.399998,-46.5,-37.293,50.203,-42.664
565462478532312,-18.7,41.100002,-44.4,-37.472,49.9,-40.601
565462488512427,-18.009998,40.5,-45.6,-36.788,49.298,-41.822
565462498533889,-17.66,40.5,-44.399998,-36.445,49.292,-40.648
565462508515504,-18.010002,40.800003,-45.6,-36.803,49.587,-41.875
565462518535427,-18.529999,41.100002,-45.9,-37.327,49.887,-42.193
565462528519543,-18.180002,41.1,-45.3,-36.976,49.892,-41.604
565462538528620,-18.18,40.800003,-44.7,-36.978,49.596,-41.02
565462548500274,-18.35,40.8,-45.600002,-37.151,49.597,-41.941
565462558536235,-18.530003,40.800003,-44.699997,-37.337,49.596,-41.065
565462568515081,-18.009998,40.199997,-45.600002,-36.822,48.995,-41.992
565462578533620,-18.18,40.8,-45.9,-36.999,49.592,-42.318
565462588504081,-18.53,41.1,-46.5,-37.353,49.892,-42.942
565462598532504,-18.529999,40.5,-45.9,-37.356,49.292,-42.359
565462608513312,-18.870003,41.1,-46.5,-37.698,49.896,-42.977
565462618533350,-18.179998,40.8,-45.9,-37.01,49.603,-42.403
565462628506581,-18.349998,40.8,-46.800003,-37.182,49.606,-43.323
565462638530812,-18.18,40.199997,-45.899998,-37.014,49.01,-42.446
565462648520389,-18.009998,40.5,-46.199997,-36.849,49.311,-42.774
565462658563081,-18.7,41.100002,-47.399998,-37.546,49.908,-44.003
565462668509197,-18.179998,40.199997,-45.899998,-37.029,49.01,-42.53
565462678534620,-18.7,39.9,-47.399998,-37.548,48.719,-44.045
565462698513312,-19.050001,39.6,-45.600002,-37.88,48.459,-42.248
565462718503812,-18.529999,39.600002,-46.5,-37.349,48.49,-43.169
565462738509389,-19.219997,39.0,-47.1,-38.031,47.921,-43.812
565462758541043,-18.7,40.199997,-46.199997,-37.5,49.162,-42.954
565462768541966,-19.39,39.6,-47.399998,-38.182,48.584,-44.17
565462778541427,-18.87,39.3,-46.5,-37.652,48.308,-43.281
565462788533581,-19.390001,39.0,-46.8,-38.164,48.031,-43.596
565462798519120,-19.74,39.3,-48.0,-38.508,48.349,-44.818
565462808516812,-19.389997,39.600002,-47.399998,-38.156,48.664,-44.245
565462818543158,-19.220001,38.699997,-46.5,-37.985,47.779,-43.38
565462828534966,-19.050001,39.6,-47.4,-37.816,48.69,-44.32
565462838532504,-18.349998,39.0,-47.399998,-37.12,48.096,-44.363
565462848526273,-18.180002,38.7,-47.7,-36.955,47.799,-44.706
565462858532966,-18.350002,39.0,-48.6,-37.129,48.104,-45.645
565462868548004,-18.7,38.7,-46.8,-37.478,47.817,-43.875
565462878541427,-19.57,38.699997,-47.699997,-38.341,47.836,-44.794
565462888517273,-18.869999,39.300003,-47.1,-37.633,48.457,-44.209
565462898533543,-18.869999,38.4,-47.100002,-37.627,47.576,-44.228
565462908516696,-18.35,38.7,-48.0,-37.104,47.89,-45.152
565462918526619,-18.35,38.7,-48.0,-37.102,47.901,-45.178
565462928520927,-18.869999,38.7,-48.3,-37.621,47.91,-45.499
565462938540081,-17.83,38.399998,-45.899998,-36.577,47.62,-43.107
565462948522042,-18.87,39.0,-46.5,-37.611,48.232,-43.705
565462958533350,-19.57,38.699997,-47.699997,-38.306,47.94,-44.898
565462968513158,-19.39,38.1,-48.6,-38.125,47.34,-45.791
565462978565773,-18.7,38.100002,-48.0,-37.436,47.337,-45.185
565462988537119,-19.050001,38.100002,-48.0,-37.784,47.337,-45.176
565462998540773,-19.39,39.0,-48.6,-38.12,48.241,-45.759
565463008521812,-19.570002,37.8,-47.1,-38.296,47.042,-44.237
565463018530927,-19.220001,38.100002,-47.7,-37.948,47.337,-44.83
565463028532119,-19.739998,38.1,-47.4,-38.475,47.325,-44.54
565463038529466,-20.26,38.699997,-47.7,-39.007,47.905,-44.859
565463048515696,-19.050001,37.5,-49.8,-37.812,46.682,-46.982
565463058550081,-19.57,39.0,-48.9,-38.348,48.156,-46.103
565463068512927,-19.910002,39.0,-47.699997,-38.705,48.126,-44.919
565463078531927,-19.91,37.8,-48.899998,-38.724,46.891,-46.134
565463088512312,-19.74,38.4,-46.800003,-38.577,47.45,-44.053
565463098532081,-19.220001,38.399998,-48.3,-38.082,47.406,-45.583
565463108544158,-20.26,38.699997,-48.3,-39.151,47.655,-45.613
565463118537889,-19.390001,38.399998,-48.600002,-38.31,47.302,-45.942
565463128524004,-19.740002,38.699997,-49.2,-38.692,47.545,-46.581
565463138538889,-19.569998,38.399998,-48.3,-38.558,47.183,-45.73
565463148523042,-18.87,37.800003,-47.699997,-37.893,46.518,-45.17
565463158536658,-19.390001,38.1,-48.600002,-38.441,46.763,-46.095
565463168515542,-19.219997,38.399998,-46.5,-38.288,47.024,-43.99
565463178536542,-19.57,38.699997,-48.3,-38.653,47.287,-45.777
565463188517696,-20.259998,39.3,-47.100002,-39.356,47.856,-44.567
565463198535312,-20.09,39.0,-48.0,-39.201,47.521,-45.463
565463208518465,-19.74,39.0,-47.399998,-38.868,47.482,-44.864
565463218535581,-19.91,38.7,-48.3,-39.055,47.144,-45.764
565463228517773,-20.43,38.1,-48.600002,-39.591,46.507,-46.061
565463238526542,-20.429998,39.0,-49.2,-39.607,47.371,-46.659
565463248515235,-19.57,38.4,-48.9,-38.763,46.741,-46.381
565463258544927,-19.740002,39.3,-48.600002,-38.95,47.611,-46.116
565463268519927,-18.869999,38.399998,-47.699997,-38.1,46.677,-45.253
565463278531619,-19.91,39.6,-47.699997,-39.16,47.84,-45.288
565463288518235,-19.57,39.0,-47.100002,-38.841,47.202,-44.726
565463298535619,-19.57,39.300003,-47.699997,-38.862,47.463,-45.364
565463308519927,-18.869999,39.0,-47.1,-38.184,47.121,-44.801
565463318569619,-19.390001,39.0,-49.8,-38.727,47.079,-47.544
565463328525081,-19.390001,38.699997,-46.8,-38.741,46.753,-44.572
565463338528927,-18.869999,38.4,-47.1,-38.23,46.435,-44.883
565463348522311,-19.570002,39.0,-47.7,-38.935,47.023,-45.49
565463358539427,-18.53,38.4,-47.1,-37.901,46.411,-44.897
565463368523081,-19.22,39.6,-47.7,-38.6,47.592,-45.506
565463378533196,-19.22,39.0,-47.1,-38.611,46.97,-44.918
565463388517081,-19.57,39.3,-48.3,-38.973,47.245,-46.138
565463398537850,-18.7,39.9,-46.8,-38.117,47.818,-44.665
565463408517888,-18.7,38.7,-47.399998,-38.131,46.595,-45.309
565463418536504,-19.05,39.9,-48.0,-38.493,47.775,-45.948
565463428519465,-18.350002,39.600002,-48.0,-37.803,47.457,-45.974
565463439064196,-19.390001,39.899998,-47.4,-38.846,47.746,-45.361
565463448545042,-19.22,39.899998,-47.7,-38.676,47.746,-45.661
565463458543427,-19.57,41.4,-47.100002,-39.028,49.241,-45.06
565463468536311,-18.870003,39.6,-45.899998,-38.337,47.426,-43.883
565463478558504,-18.35,40.5,-48.0,-37.839,48.284,-46.041
565463488520504,-18.18,40.5,-46.5,-37.707,48.211,-44.622
565463498539119,-18.349998,39.899998,-46.8,-37.911,47.536,-44.979
565463508515465,-18.529999,40.199997,-47.7,-38.121,47.766,-45.903
565463518531773,-17.66,40.8,-45.600002,-37.279,48.293,-43.803
565463528513042,-18.010002,40.5,-46.199997,-37.657,47.914,-44.384
565463538526311,-18.180002,40.2,-46.5,-37.858,47.526,-44.662
565463548515734,-18.53,40.5,-47.100002,-38.241,47.729,-45.234
565463558534427,-18.87,41.4,-45.3,-38.618,48.519,-43.402
565463568514388,-18.7,41.1,-47.399998,-38.49,48.093,-45.475
565463578541657,-19.05,40.8,-46.8,-38.885,47.659,-44.849
565463588533657,-19.39,41.100002,-45.0,-39.273,47.811,-43.023
565463598536850,-19.570002,41.1,-46.5,-39.504,47.645,-44.486
565463608520119,-20.09,41.4,-46.199997,-40.075,47.771,-44.127
565463618544273,-20.26,41.1,-47.1,-40.291,47.295,-44.944
565463628535350,-20.78,42.0,-47.399998,-40.852,48.02,-45.134
565463638529196,-21.99,41.4,-45.9,-42.099,47.234,-43.478
565463648522273,-22.86,42.300003,-46.8,-42.998,47.949,-44.188
565463658539119,-24.07,42.0,-45.300003,-44.231,47.451,-42.456
565463668531350,-24.939999,41.7,-46.8,-45.121,46.935,-43.7
565463678540927,-25.800001,42.3,-45.9,-46.004,47.297,-42.566
565463688520542,-26.489998,42.600002,-46.5,-46.725,47.332,-42.972
565463698534311,-26.319998,42.300003,-45.0,-46.586,46.768,-41.311
565463708521042,-27.880001,42.300003,-45.9,-48.18,46.511,-42.098
565463718534119,-28.230001,42.0,-45.9,-48.56,45.963,-41.991
565463728515811,-29.089998,42.0,-44.4,-49.44,45.733,-40.373
565463738541811,-29.269999,41.4,-45.300003,-49.621,44.956,-41.123
565463748520773,-28.920002,39.9,-44.7,-49.261,43.354,-40.389
565463758540734,-29.09,41.1,-45.600002,-49.417,44.544,-41.212
565463768518811,-29.609999,39.600002,-45.3,-49.912,43.109,-40.853
565463778537273,-28.92,39.6,-45.300003,-49.189,43.204,-40.776
565463788518196,-29.609999,39.0,-45.3,-49.828,42.752,-40.672
565463798530196,-29.269999,37.8,-45.9,-49.406,41.801,-41.126
565463808516311,-29.609999,37.800003,-46.5,-49.642,42.115,-41.563
565463818535234,-29.09,36.0,-45.0,-49.001,40.675,-39.902
565463828520388,-29.44,35.4,-46.800003,-49.216,40.466,-41.553
565463838534311,-30.13,35.7,-46.8,-49.759,41.185,-41.423
565463848532042,-29.789999,35.4,-46.800003,-49.26,41.327,-41.316
565463858554965,-29.440002,34.5,-48.0,-48.74,40.889,-42.435
565463868548119,-29.09,34.5,-48.6,-48.214,41.367,-42.995
565463878544426,-28.569998,33.3,-48.899998,-47.517,40.649,-43.309
565463888523580,-27.88,33.300003,-50.1,-46.654,41.129,-44.576
565463898548850,-27.710001,33.3,-49.8,-46.303,41.613,-44.371
565463908511926,-26.840002,32.4,-50.7,-45.233,41.205,-45.367
565463918533234,-26.32,32.4,-51.0,-44.492,41.708,-45.765
565463928518773,-24.760002,32.1,-50.7,-42.691,41.92,-45.571
565463938537234,-24.240002,31.199999,-49.8,-41.915,41.53,-44.785
565463948517119,-22.859999,31.2,-51.6,-40.274,42.025,-46.717
565463958531734,-22.859999,30.600002,-52.199997,-40.002,41.908,-47.454
565463968513849,-20.949999,30.0,-52.5,-37.802,41.786,-47.877
565463978628311,-20.429998,29.4,-52.8,-36.968,41.661,-48.277
565463988537119,-19.050001,27.900002,-52.2,-35.254,40.63,-47.769
565463998537849,-19.220001,28.199999,-51.9,-35.083,41.384,-47.56
565464008520234,-18.529999,26.399998,-53.7,-34.043,40.009,-49.411
565464018537619,-18.179998,25.8,-53.7,-33.329,39.813,-49.41
565464028522503,-19.22,26.100002,-53.699997,-33.987,40.504,-49.37
565464038539272,-18.7,24.599998,-54.0,-33.081,39.371,-49.611
565464048513811,-19.390001,24.899998,-53.4,-33.407,40.002,-48.958
565464058531965,-19.05,24.0,-54.0,-32.751,39.384,-49.54
565464068519888,-18.87,23.099998,-56.1,-32.325,38.704,-51.656
565464078536619,-19.050001,23.099998,-54.0,-32.332,38.863,-49.598
565464088509619,-18.870003,22.2,-54.9,-32.018,38.088,-50.546
565464098536696,-18.869999,23.1,-56.1,-31.917,39.083,-51.788
565464108522196,-19.05,22.8,-54.6,-32.065,38.821,-50.336
565464118543772,-18.869999,23.7,-55.5,-31.904,39.722,-51.293
565464128520734,-18.18,22.5,-56.1,-31.27,38.492,-51.954
565464138542465,-17.829998,23.399998,-55.5,-31.012,39.335,-51.428
565464148525619,-18.35,23.400002,-56.4,-31.632,39.269,-52.395
565464158536272,-17.66,23.099998,-55.800003,-31.035,38.905,-51.852
565464168514311,-18.18,24.0,-56.100002,-31.65,39.738,-52.206
565464178534926,-18.01,24.3,-55.8,-31.589,39.958,-51.966
565464188529388,-18.35,24.0,-56.399998,-32.083,39.54,-52.633
565464198536926,-17.66,24.599998,-56.4,-31.573,39.988,-52.671
565464208517234,-18.349998,25.5,-57.6,-32.413,40.744,-53.842
565464218534965,-19.05,24.899998,-59.399998,-33.19,40.044,-55.529
565464228519926,-20.259998,25.500002,-57.9,-34.405,40.594,-53.854
565464238533157,-20.78,24.900002,-58.8,-34.901,39.972,-54.592
565464248516272,-21.820002,24.3,-60.6,-35.921,39.356,-56.271
565464258530618,-21.47,24.3,-61.2,-35.626,39.279,-56.784
565464268515311,-22.34,24.599998,-60.3,-36.599,39.473,-55.856
565464278532003,-21.82,24.900002,-60.6,-36.209,39.657,-56.187
565464288513542,-23.030003,24.900002,-60.899998,-37.56,39.533,-56.538
565464298534349,-22.68,25.8,-60.300003,-37.36,40.307,-56.019
565464308511503,-22.68,25.5,-60.9,-37.527,39.87,-56.736
565464318530234,-22.509998,26.099998,-60.6,-37.551,40.308,-56.578
565464338502157,-21.3,27.0,-61.5,-36.771,40.811,-57.735
565464358500657,-21.13,28.499998,-61.800003,-36.98,41.934,-58.254
565464378492426,-20.95,26.7,-61.5,-37.15,39.768,-58.174
565464398516003,-20.949999,27.599998,-60.899998,-37.487,40.295,-57.795
565464408516888,-20.26,27.3,-60.9,-36.957,39.808,-57.895
565464418531503,-20.779999,27.900002,-61.2,-37.62,40.222,-58.226
565464428516926,-21.65,28.2,-62.1,-38.619,40.346,-59.134
565464438531695,-21.819998,28.800001,-60.0,-38.913,40.775,-57.051
565464448530157,-21.819998,28.8,-64.2,-39.044,40.591,-61.273
565464458537157,-21.47,28.2,-61.8,-38.835,39.797,-58.93
565464468522080,-21.990002,29.099998,-60.899998,-39.49,40.51,-58.1
565464478715657,-22.34,28.8,-60.9,-40.048,39.895,-58.143
565464488533695,-22.68,28.5,-61.5,-40.388,39.595,-58.743
565464498548849,-23.2,29.400002,-60.6,-41.005,40.338,-57.842
565464508484503,-23.550001,29.099998,-63.0,-41.43,39.912,-60.228
565464518502311,-23.380001,29.099998,-61.5,-41.346,39.766,-58.72
565464528476118,-23.550001,28.8,-62.4,-41.603,39.315,-59.605
565464538485580,-24.24,29.7,-63.0,-42.374,40.073,-60.201
565464548488580,-23.550001,29.1,-62.4,-41.756,39.34,-59.58
565464558515849,-24.24,30.300001,-62.4,-42.506,40.421,-59.535
565464568510041,-24.59,29.099998,-61.8,-42.895,39.128,-58.861
565464578509464,-24.419998,28.800003,-61.5,-42.76,38.74,-58.482
565464588474772,-26.32,30.0,-62.4,-44.695,39.855,-59.319
565464598493964,-25.63,29.7,-62.399998,-44.043,39.469,-59.273
565464608479580,-26.150002,29.400002,-62.699997,-44.603,39.083,-59.538
565464618487772,-26.320002,29.1,-61.800003,-44.81,38.701,-58.602
565464628473964,-27.19,29.399998,-63.9,-45.714,38.919,-60.657
565464638487118,-26.49,28.8,-62.1,-45.049,38.237,-58.813
565464648524234,-26.669998,30.0,-60.6,-45.273,39.339,-57.287
565464658531387,-27.71,29.7,-63.0,-46.368,38.928,-59.684
565464668519887,-26.84,30.0,-63.9,-45.561,39.099,-60.58
565464678544541,-27.359999,29.999998,-63.6,-46.14,38.968,-60.257
565464688514541,-27.529999,29.7,-62.100002,-46.356,38.556,-58.719
565464698520041,-28.57,29.7,-64.5,-47.432,38.455,-61.058
565464718511118,-29.96,29.7,-62.1,-48.89,38.247,-58.513
565464738533657,-30.310001,29.400002,-63.300003,-49.311,37.719,-59.553
565464748517503,-30.650002,29.7,-64.5,-49.686,37.9,-60.668
565464758522849,-30.82,29.7,-63.0,-49.89,37.778,-59.082
565464768516695,-31.000002,29.099998,-63.9,-50.102,37.057,-59.89
565464778536041,-31.519999,30.300001,-64.2,-50.647,38.144,-60.089
565464788501695,-32.04,30.0,-63.9,-51.19,37.738,-59.694
565464798530733,-32.379997,29.100002,-63.3,-51.556,36.726,-59.01
565464808508080,-33.940002,30.3,-64.2,-53.151,37.8,-59.848
565464818532003,-33.769997,29.999998,-62.7,-53.029,37.35,-58.304
565464828518080,-33.42,30.0,-64.5,-52.736,37.179,-60.069
565464838533695,-34.809998,30.0,-65.7,-54.18,37.001,-61.221
565464848509733,-34.29,29.1,-65.4,-53.706,35.929,-60.856
565464858510618,-34.980003,29.399998,-64.8,-54.436,36.059,-60.173
565464868535772,-34.98,29.699999,-64.200005,-54.473,36.183,-59.483
565464878522618,-36.19,29.1,-66.299995,-55.73,35.387,-61.51
565464888519887,-36.71,29.7,-64.8,-56.298,35.778,-59.937
565464898543887,-36.71,29.7,-63.6,-56.343,35.566,-58.66
565464908511041,-36.89,29.699999,-63.9,-56.56,35.364,-58.873
565464918532003,-37.75,30.300001,-64.2,-57.455,35.762,-59.084
565464928513118,-37.410004,30.3,-63.0,-57.15,35.55,-57.802
565464938538810,-38.269997,29.7,-63.899998,-58.051,34.728,-58.635
565464948518695,-38.45,30.599998,-63.0,-58.27,35.399,-57.669
565464958528464,-38.79,29.999998,-63.6,-58.642,34.572,-58.19
565464968515272,-39.309998,29.699999,-64.5,-59.183,34.057,-58.989
565464978587810,-40.0,30.6,-64.5,-59.882,34.755,-58.868
565464988515810,-40.519997,30.899998,-64.799995,-60.406,34.85,-59.037
565464998546079,-40.7,30.300001,-64.5,-60.59,34.039,-58.611
565465008524272,-41.22,30.600002,-62.4,-61.114,34.115,-56.386
565465018525118,-42.43,30.900002,-65.1,-62.319,34.178,-58.939
565465028506656,-42.949997,30.900002,-63.600002,-62.82,33.949,-57.262
565465038532772,-43.809998,31.5,-62.7,-63.642,34.342,-56.15
565465048516310,-44.51,31.499998,-62.1,-64.296,34.134,-55.328
565465058534118,-45.030006,30.300001,-61.8,-64.771,32.713,-54.819
565465068520426,-45.72,31.199999,-63.0,-65.415,33.378,-55.812
565465078535772,-46.589996,32.4,-62.100002,-66.228,34.338,-54.693
565465088518810,-47.799995,32.4,-60.6,-67.366,34.097,-52.946
565465098538772,-48.490005,33.3,-60.6,-67.966,34.764,-52.673
565465108512772,-50.05,32.699997,-61.5,-69.418,33.933,-53.275
565465118566349,-51.609997,32.7,-59.399998,-70.853,33.693,-50.856
565465129011926,-52.300003,33.600002,-58.2,-71.4,34.339,-49.316
565465148566272,-55.77,34.2,-56.399998,-74.484,34.464,-46.704
565465168524272,-58.54,35.1,-54.6,-76.794,34.856,-44.063
565465188505349,-59.229996,36.0,-52.8,-77.239,35.028,-41.891
565465198573733,-59.579998,35.7,-52.2,-77.476,34.332,-41.147
565465208518618,-59.75,35.7,-52.5,-77.558,33.932,-41.363
565465218541695,-59.75,36.9,-51.3,-77.503,34.763,-40.14
565465228523310,-59.920006,38.1,-50.4,-77.633,35.621,-39.247
565465238537733,-59.75,38.100002,-50.1,-77.444,35.29,-38.995
565465248517272,-59.4,38.1,-48.9,-77.091,34.933,-37.887
565465258535541,-59.229996,38.100002,-48.6,-76.879,34.54,-37.64
565465268520541,-59.579998,38.399998,-48.0,-77.087,34.475,-36.938
565465278542887,-59.060005,38.4,-45.9,-76.452,34.296,-34.722
565465288517349,-57.840004,39.0,-46.2,-75.204,34.927,-34.966
565465298544079,-57.5,39.899998,-45.0,-74.848,35.946,-33.699
565465308514079,-57.840004,40.5,-45.0,-75.149,36.691,-33.59
565465318538656,-57.5,42.300003,-44.4,-74.782,38.65,-32.897
565465328525695,-56.11,42.3,-44.4,-73.402,38.841,-32.854
565465348522156,-54.380005,43.8,-43.8,-71.745,41.033,-32.176
565465358521618,-53.510002,44.7,-43.5,-70.91,42.349,-31.838
565465368524156,-52.82,45.0,-44.1,-70.276,43.122,-32.436
565465378507772,-50.920006,46.800003,-42.6,-68.48,45.428,-31.022
565465388518887,-49.010002,47.4,-41.7,-66.707,46.56,-30.28
565465408561695,-43.300003,49.5,-42.0,-61.325,49.821,-31.079
565465418555195,-41.04,49.5,-41.1,-59.208,50.444,-30.455
565465438550118,-34.979996,50.4,-41.4,-53.364,52.735,-31.357
565465458584695,-30.65,50.100002,-39.899998,-49.111,53.887,-30.46
565465468592464,-28.400002,50.399998,-39.6,-46.837,54.92,-30.44
565465478513925,-25.800001,50.100002,-39.9,-44.171,55.351,-31.0
565465498544964,-20.95,48.600002,-39.3,-39.108,55.268,-30.928
565465508521233,-18.35,46.800003,-38.4,-36.361,54.157,-30.292
565465518542348,-16.099998,45.9,-34.5,-33.94,53.935,-26.661
565465528530310,-14.8899975,45.0,-34.2,-32.531,53.708,-26.633
565465538540041,-12.809999,43.5,-33.600002,-30.219,52.871,-26.294
565465548521733,-11.08,42.3,-33.6,-28.223,52.321,-26.531
565465558542771,-9.35,40.800003,-31.800001,-26.195,51.457,-24.947
565465568507502,-8.139999,38.7,-31.5,-24.653,49.976,-24.835
565465578546848,-6.92,36.6,-31.2,-23.07,48.481,-24.697
565465588516964,-5.71,35.1,-30.900002,-21.472,47.569,-24.548
565465598551656,-3.9799986,31.5,-29.7,-19.342,44.534,-23.503
565465608511618,-3.1099997,29.7,-28.2,-18.074,43.265,-22.17
565465618525925,-2.9400005,27.900002,-29.1,-17.509,41.957,-23.233
565465628527002,-2.4199991,25.5,-27.599998,-16.602,40.009,-21.887
565465638543771,-2.0700006,24.300001,-27.6,-15.852,39.234,-22.003
565465648545617,-1.5500002,22.2,-27.3,-14.915,37.539,-21.788
565465668532079,-0.34000015,17.1,-26.400002,-12.968,33.118,-21.086
565465678522810,-0.6899996,15.0,-27.599998,-13.004,31.299,-22.407
565465688504348,-1.0299997,14.1,-25.800001,-13.094,30.624,-20.731
565465698523041,-0.6899996,13.200001,-24.0,-12.559,29.898,-19.045
565465708521656,-0.5100002,12.6,-25.5,-12.227,29.434,-20.64
565465718527848,-0.34000015,11.4,-24.6,-11.957,28.33,-19.836
565465738556156,0.3399992,10.200001,-25.199999,-11.416,27.103,-20.689
565465758512579,0.6899996,11.4,-24.0,-11.415,28.114,-19.714
565465768525964,0.34000015,12.299999,-23.4,-11.971,28.894,-19.234
565465788518694,1.8999996,12.6,-22.5,-10.97,28.851,-18.687
565465798507733,2.7700005,12.9,-22.199999,-10.41,28.944,-18.574
565465808523464,2.9399996,13.2,-22.5,-10.501,29.053,-18.996
565465818524617,3.63,11.700001,-21.9,-9.943,27.464,-18.505
565465828541733,3.1099997,13.2,-22.2,-10.541,28.914,-18.884
565465838522502,3.29,12.000001,-21.9,-10.444,27.655,-18.646
565465848534810,3.8100004,11.7,-21.6,-10.042,27.268,-18.434
565465858509079,3.9800005,12.0,-21.9,-10.013,27.458,-18.814
565465878550694,4.84,12.3,-22.2,-9.543,27.448,-19.384
565465888541810,3.9800005,12.9,-20.099998,-10.629,27.858,-17.432
565465898559617,4.67,13.499999,-20.1,-10.174,28.244,-17.542
565465908530002,4.33,12.599999,-20.7,-10.724,27.144,-18.231
565465918512271,4.669999,13.5,-20.1,-10.579,27.855,-17.718
565465928533079,4.67,13.2,-18.9,-10.767,27.368,-16.609
565465938510925,4.33,14.099999,-19.5,-11.297,28.07,-17.286
565465948520194,4.84,14.399999,-19.8,-10.99,28.151,-17.657
565465958511810,4.67,14.1,-18.9,-11.354,27.638,-16.848
565465968535194,5.0200005,13.800001,-18.9,-11.184,27.134,-16.925
565465978526310,5.3600006,14.4,-18.300001,-11.025,27.518,-16.371
565465988519694,4.84,15.6,-18.6,-11.718,28.503,-16.7
565466008510002,4.5,15.900001,-16.8,-12.4,28.357,-14.936
565466028537848,4.1499996,17.7,-16.800001,-13.07,29.725,-15.029
565466038524040,4.840001,17.7,-16.8,-12.544,29.495,-15.083
565466048542117,4.5,18.300001,-17.4,-13.046,29.863,-15.752
565466058533079,5.540001,18.0,-16.2,-12.16,29.337,-14.633
565466068537233,5.0199995,18.900002,-16.5,-12.828,30.016,-15.039
565466078513117,5.3599997,19.5,-15.900001,-12.631,30.4,-14.557
565466088542540,5.1899996,19.2,-15.0,-12.939,29.883,-13.776
565466098520079,5.3600006,20.1,-14.099999,-12.903,30.562,-12.973
565466108535194,4.329999,21.3,-14.7,-14.064,31.534,-13.609
565466118551040,4.84,20.7,-15.0,-13.664,30.735,-13.92
565466128549233,4.329999,21.3,-15.3,-14.279,31.137,-14.201
565466138509117,4.84,21.0,-13.8,-13.865,30.651,-12.684
565466148606040,5.3599997,21.6,-14.7,-13.443,31.059,-13.582
565466168535848,4.330001,22.2,-14.1,-14.679,31.239,-12.998
565466178504271,3.9799995,23.1,-14.099999,-15.118,31.947,-12.976
565466188539848,5.0199995,22.2,-14.099999,-14.151,30.882,-12.931
565466198516463,4.499999,22.800001,-14.4,-14.727,31.349,-13.171
565466208537309,3.9800005,23.099998,-15.3,-15.297,31.528,-14.019
565466218524771,4.1500006,23.099998,-15.0,-15.179,31.404,-13.692
565466228538425,3.6299992,23.7,-14.1,-15.753,31.876,-12.779
565466238519425,4.499999,24.3,-14.4,-14.939,32.342,-13.085
565466248542886,3.9800005,24.0,-15.9,-15.515,31.906,-14.594
565466258518771,3.9800005,24.599998,-15.900001,-15.568,32.376,-14.6
565466268538232,4.1499996,23.400002,-13.2,-15.445,31.054,-11.891
565466278516425,3.8099995,24.600002,-14.4,-15.816,32.157,-12.983
565466288537579,3.8099995,24.3,-16.2,-15.833,31.778,-14.616
565466298517848,3.1100006,24.9,-16.2,-16.543,32.312,-14.444
565466308534232,2.7700005,24.300001,-15.6,-16.899,31.638,-13.718
565466318520579,3.1100006,25.2,-16.2,-16.584,32.448,-14.232
565466328525809,3.1100006,25.5,-15.6,-16.618,32.64,-13.575
565466338534771,2.4199982,25.499998,-15.0,-17.349,32.51,-12.923
565466348540925,2.0699997,25.199999,-16.8,-17.743,32.065,-14.661
565466358518771,2.9399986,25.5,-17.1,-16.915,32.223,-14.894
565466368528655,2.25,25.8,-16.5,-17.642,32.384,-14.212
565466378515232,1.5499992,26.400002,-18.3,-18.375,32.844,-15.904
565466388534886,1.8999996,25.8,-18.3,-18.051,32.113,-15.775
565466398520502,2.7699986,26.1,-17.4,-17.197,32.297,-14.718
565466408540886,1.2099991,26.399998,-18.300001,-18.781,32.468,-15.508
565466418526886,1.2099991,26.699999,-18.9,-18.809,32.619,-15.99
565466428541925,1.3799992,25.8,-18.6,-18.669,31.564,-15.585
565466438515040,1.0300007,27.3,-18.6,-19.05,32.897,-15.482
565466448629963,0.69000053,26.099998,-19.2,-19.42,31.532,-15.982
565466458518963,0.34000015,27.9,-18.6,-19.795,33.167,-15.269
565466468523386,0.5100002,26.699999,-19.5,-19.646,31.796,-16.03
565466478511886,-0.16999817,27.599998,-19.5,-20.342,32.523,-15.876
565466488536271,-0.8599987,29.1,-20.1,-21.046,33.846,-16.323
565466498517040,-0.69000053,29.100002,-18.0,-20.896,33.657,-14.098
565466508531271,-0.5099983,29.099998,-20.1,-20.741,33.452,-16.094
565466518510463,-1.3800011,29.099998,-19.8,-21.634,33.237,-15.686
565466528522001,-1.5500011,28.5,-20.1,-21.826,32.415,-15.875
565466538518040,-1.8999996,29.400002,-20.1,-22.195,33.094,-15.771
565466548530425,-2.25,29.699999,-19.5,-22.569,33.161,-15.092
565466558513117,-1.9000015,28.800001,-18.3,-22.245,32.018,-13.826
565466568535425,-1.8999996,30.000002,-19.5,-22.269,32.955,-14.956
565466578505655,-3.1099987,29.099998,-22.2,-23.491,31.786,-17.545
565466588533155,-3.9800014,30.599998,-19.5,-24.36,33.023,-14.698
565466598516271,-4.33,30.599998,-21.900002,-24.7,32.767,-16.936
565466608528117,-4.84,30.599998,-22.2,-25.193,32.509,-17.063
565466618509309,-5.0200005,30.900002,-21.3,-25.348,32.546,-15.977
565466628528809,-5.540001,31.2,-19.2,-25.836,32.574,-13.682
565466638514809,-6.58,30.9,-19.8,-26.837,31.986,-14.077
565466648537155,-6.58,30.599998,-19.8,-26.789,31.383,-13.86
565466658511771,-7.2700005,30.9,-19.8,-27.415,31.369,-13.617
565466668539771,-8.309999,30.9,-21.6,-28.375,31.046,-15.145
565466678505271,-8.83,31.5,-20.7,-28.786,31.316,-13.917
565466688539886,-9.690001,30.900002,-19.8,-29.502,30.391,-12.623
565466698524463,-11.6,30.599998,-21.3,-31.218,29.786,-13.635
565466708522271,-12.290001,30.900002,-21.3,-31.676,29.787,-13.102
565466718521424,-12.470001,29.4,-21.599998,-31.593,28.0,-12.846
565466728538732,-13.85,30.3,-23.4,-32.709,28.585,-14.143
565466738523847,-14.019999,28.8,-23.099998,-32.641,26.694,-13.45
565466748532809,-14.369999,29.7,-21.9,-32.787,27.191,-11.959
565466758515732,-14.719999,29.1,-20.1,-32.972,26.254,-9.949
565466768566847,-15.24,28.800001,-22.2,-33.367,25.676,-11.908
565466778510809,-14.539999,28.8,-19.8,-32.572,25.428,-9.419
565466788787271,-16.1,28.5,-18.9,-34.061,24.902,-8.471
565466798519386,-16.099998,28.2,-19.5,-34.015,24.37,-9.076
565466808528655,-15.76,27.3,-18.3,-33.604,23.227,-7.845
565466818516040,-16.799997,26.7,-18.3,-34.552,22.422,-7.772
565466828537578,-16.619999,26.4,-16.8,-34.315,22.077,-6.193
565466838508963,-17.49,25.5,-16.5,-35.175,21.321,-5.82
565466848526386,-17.140001,24.3,-17.1,-34.823,20.345,-6.331
565466868509963,-16.45,20.099998,-12.9,-34.257,16.623,-2.172
565466888497424,-17.140001,18.0,-13.5,-35.199,15.212,-2.994
565466908544694,-17.829998,14.7,-12.3,-36.121,12.95,-1.972
565466918521540,-18.01,11.7,-12.0,-36.402,10.519,-1.771
565466928555155,-17.829998,10.200001,-10.5,-36.315,9.628,-0.388
565466938512693,-18.530003,7.2000003,-8.1,-37.101,7.28,1.869
565466948528193,-19.220001,4.8,-9.299999,-37.867,5.579,0.496
565466958517270,-20.61,3.6000001,-8.700001,-39.312,5.129,0.9
565466968541424,-21.300001,1.2,-9.3,-40.027,3.517,0.091
565466978535540,-22.160002,-1.2,-9.6,-40.872,1.934,-0.418
565466988554078,-23.72,-3.0,-8.7,-42.369,0.971,0.283
565466998524655,-25.46,-5.1,-7.5,-44.002,-0.277,1.286
565467008518117,-28.57,-5.7,-5.7,-46.959,-0.013,2.89
565467028530386,-33.77,-9.0,-5.7000003,-51.728,-1.584,2.473
565467038514424,-35.5,-10.2,-5.1,-53.188,-1.948,2.856
565467048542693,-38.620003,-10.5,-6.3,-56.027,-1.456,1.411
565467058530193,-41.22,-10.2,-5.4,-58.328,-0.398,2.051
565467068541655,-42.95,-11.099999,-5.3999996,-59.74,-0.568,1.774
565467078542616,-46.59,-9.6,-5.1,-63.048,1.629,1.778
565467088533116,-48.489998,-9.299999,-4.8,-64.597,2.593,1.786
565467098520540,-51.440002,-8.1,-6.3,-67.175,4.427,0.003
565467108528155,-54.380005,-6.9,-7.2,-69.717,6.237,-1.162
565467118530232,-58.019997,-3.3000002,-6.3,-72.934,10.422,-0.507
565467128516347,-58.880005,-2.0999994,-6.0,-73.356,12.173,-0.433
565467138535386,-61.129997,-2.1000004,-6.9,-75.172,12.679,-1.546
565467148523347,-62.170002,2.1000004,-6.9,-75.788,17.339,-1.742
565467158621886,-62.520004,4.800001,-6.9,-75.717,20.45,-1.88
565467168521809,-63.56,6.8999996,-7.5,-76.345,22.916,-2.57
565467178512232,-63.21,8.699999,-8.7,-75.612,25.043,-3.864
565467188516924,-64.08,11.4,-7.2,-76.152,28.022,-2.482
565467198511732,-63.910004,12.6,-10.5,-75.718,29.443,-5.901
565467208523001,-63.91,14.4,-8.700001,-75.568,31.381,-4.227
565467218521924,-64.43,16.8,-9.6,-76.019,33.863,-5.26
565467228525155,-63.56,17.4,-9.9,-75.15,34.495,-5.69
565467238502386,-63.389996,19.2,-10.200001,-75.034,36.284,-6.098
565467248523039,-63.210003,20.699999,-9.9,-74.952,37.737,-5.884
565467258521924,-62.870003,21.899998,-11.1,-74.757,38.857,-7.17
565467268521847,-63.729996,22.5,-12.0,-75.81,39.341,-8.162
565467278510309,-63.04,22.5,-12.0,-75.36,39.186,-8.249
565467288528386,-63.729996,23.4,-11.4,-76.325,39.895,-7.721
565467298508578,-63.210003,23.699999,-11.700001,-76.091,39.988,-8.086
565467308527886,-64.43,24.300001,-13.799999,-77.602,40.367,-10.249
565467318509232,-64.08,25.2,-13.8,-77.494,41.075,-10.288
565467328526001,-64.25,25.5,-12.3,-77.78,41.278,-8.797
565467338518386,-63.730003,25.5,-13.8,-77.258,41.292,-10.354
565467348791155,-64.770004,27.0,-15.0,-78.26,42.855,-11.696
565467358523578,-63.909996,28.5,-15.9,-77.448,44.354,-12.792
565467368543309,-64.25,28.5,-17.1,-78.09,44.132,-14.209
565467378518847,-63.39,29.4,-16.8,-77.585,44.757,-14.162
565467388529309,-62.350002,29.400002,-17.4,-76.855,44.506,-15.019
565467398506655,-61.65,30.600002,-16.2,-76.443,45.463,-14.069
565467408538424,-60.440002,30.599998,-17.1,-75.527,45.197,-15.202
565467419686385,-60.79,32.4,-18.3,-76.3,46.573,-16.609
565467428547385,-60.96,33.3,-19.8,-76.47,47.473,-18.109
565467438515232,-60.790005,33.9,-16.5,-76.48,47.875,-14.829
565467458620232,-60.269997,33.899998,-16.2,-76.269,47.524,-14.559
565467478520924,-60.269997,34.199997,-19.199999,-76.589,47.453,-17.678
565467488542732,-60.79,34.199997,-17.1,-77.281,47.245,-15.632
565467498509578,-60.62,34.199997,-19.800001,-77.293,47.017,-18.381
565467508532116,-60.27,34.8,-19.2,-77.112,47.399,-17.826
565467518524385,-60.440002,34.8,-17.7,-77.411,47.225,-16.339
565467528538962,-60.27,34.800003,-19.199999,-77.36,47.06,-17.835
565467538524193,-60.96,34.800003,-19.8,-78.17,46.894,-18.446
565467548525462,-60.79,35.4,-20.7,-78.124,47.319,-19.378
565467558521539,-60.96,35.699997,-20.4,-78.422,47.433,-19.108
565467568538193,-60.96,35.699997,-19.2,-78.546,47.252,-17.95
565467578521924,-60.269997,35.7,-20.4,-77.974,47.074,-19.195
565467588538501,-60.44,35.1,-20.7,-78.254,46.304,-19.514
565467598514501,-60.96,36.0,-21.0,-78.863,47.059,-19.795
565467608542539,-61.480003,36.300003,-20.7,-79.452,47.24,-19.447
565467618523193,-60.96,34.800003,-17.4,-78.989,45.637,-16.063
565467628543347,-61.829998,35.1,-18.9,-79.905,45.846,-17.461
565467638525193,-61.999996,35.4,-20.400002,-80.118,46.061,-18.87
565467648529655,-61.83,35.7,-19.5,-80.001,46.261,-17.903
565467658519039,-62.0,35.699997,-21.6,-80.231,46.149,-19.957
565467668536808,-62.35,35.7,-19.800001,-80.64,46.039,-18.11
565467678518116,-61.31,34.8,-19.199999,-79.65,45.038,-17.439
565467688546001,-62.52,36.3,-19.5,-80.902,46.446,-17.645
565467698498770,-62.350002,35.699997,-20.4,-80.772,45.753,-18.442
565467708532270,-62.87,36.6,-19.5,-81.336,46.551,-17.442
565467718505885,-62.690002,35.699997,-19.2,-81.207,45.538,-17.058
565467728544962,-62.690002,35.4,-19.199999,-81.264,45.115,-16.987
565467738519462,-63.39,36.3,-19.2,-82.02,45.89,-16.915
565467748530654,-62.690002,35.7,-20.4,-81.374,45.166,-18.036
565467758522539,-62.690002,35.4,-18.0,-81.429,44.736,-15.558
565467768536616,-63.210003,35.7,-20.7,-82.009,44.895,-18.184
565467778514116,-63.21,36.3,-18.900002,-82.074,45.342,-16.318
565467788536424,-63.21,36.3,-18.3,-82.14,45.188,-15.667
565467798507616,-63.210003,36.0,-18.9,-82.202,44.737,-16.212
565467808540001,-63.559998,35.100002,-20.1,-82.614,43.685,-17.361
565467818514808,-63.39,34.5,-20.4,-82.502,42.935,-17.597
565467828533308,-64.08,36.0,-19.8,-83.248,44.279,-16.918
565467838502077,-64.43,36.3,-18.6,-83.657,44.41,-15.629
565467848532770,-63.909996,37.2,-20.1,-83.198,45.132,-17.047
565467858528039,-64.43,36.600002,-19.8,-83.78,44.352,-16.678
565467868558770,-64.42999,36.0,-19.2,-83.839,43.575,-16.007
565467878508193,-64.770004,37.5,-19.2,-84.231,44.905,-15.929
565467898525462,-65.46,37.800003,-20.4,-85.019,44.865,-16.967
565467908522193,-65.81,36.6,-21.0,-85.422,43.488,-17.506
565467918535616,-65.46,37.2,-19.199999,-85.127,43.904,-15.657
565467928516308,-66.5,37.5,-19.8,-86.222,44.013,-16.21
565467938533539,-65.64,36.6,-20.7,-85.417,42.913,-17.056
565467948514500,-65.979996,37.8,-18.9,-85.809,43.911,-15.192
565467958541270,-66.5,37.5,-19.2,-86.376,43.406,-15.415
565467968520539,-66.67999,38.100002,-20.099998,-86.602,43.797,-16.237
565467978556577,-66.159996,37.5,-18.6,-86.13,42.982,-14.675
565467988582847,-67.020004,36.6,-18.9,-87.038,41.857,-14.912
565467998547116,-66.67999,36.9,-18.9,-86.742,41.936,-14.847
565468008523000,-67.2,37.800003,-21.6,-87.297,42.629,-17.469
565468018545462,-67.369995,38.1,-19.5,-87.493,42.738,-15.279
565468028526231,-67.200005,37.8,-19.2,-87.344,42.253,-14.88
565468038515616,-67.89,38.100002,-18.6,-88.052,42.365,-14.175
565468048516039,-67.369995,38.1,-19.5,-87.547,42.17,-14.961
565468058544193,-67.72,39.0,-18.9,-87.907,42.874,-14.236
565468068522654,-67.72,38.100002,-18.9,-87.912,41.776,-14.098
565468078538270,-67.53999,37.800003,-17.4,-87.729,41.275,-12.44
565468088519539,-67.72,38.399998,-17.7,-87.895,41.67,-12.548
565468098530039,-67.72,38.4,-17.099998,-87.87,41.466,-11.73
565468108522385,-67.89,39.3,-16.8,-88.007,42.155,-11.194
565468118563116,-67.89,39.9,-15.6,-87.968,42.521,-9.745
565468128538154,-68.58,39.9,-15.599999,-88.611,42.263,-9.48
565468140128077,-68.58,39.0,-16.8,-88.455,40.768,-10.007
565468148516577,-68.58,40.5,-14.4,-88.455,42.268,-7.607
565468158532308,-69.45,41.7,-15.3,-89.223,43.166,-8.147
565468168617154,-69.45,41.100002,-15.3,-89.101,42.247,-7.763
565468178526770,-68.76,41.7,-14.700001,-88.258,42.527,-6.735
565468188517308,-69.28,42.3,-13.2,-88.583,42.819,-4.75
565468208532039,-69.79,43.8,-12.299999,-88.624,43.721,-2.836
565468218537731,-70.31,45.0,-12.599999,-88.9,44.586,-2.674
565468228521385,-70.310005,44.699997,-12.0,-88.674,43.906,-1.684
565468238553769,-70.83,45.9,-11.1,-88.991,44.735,-0.465
565468248513808,-70.659996,46.8,-12.6,-88.67,45.311,-1.751
565468258542039,-69.28,47.100002,-12.0,-87.187,45.317,-1.024
565468268520654,-70.14,48.300003,-12.3,-87.972,46.219,-1.255
565468278554500,-69.79,49.2,-12.9,-87.565,46.83,-1.822
565468288519154,-68.93001,50.399998,-13.2,-86.66,47.765,-2.109
565468298534039,-69.45,51.0,-12.900001,-87.131,48.073,-1.805
565468308508269,-68.759995,51.3,-13.5,-86.365,48.086,-2.363
565468318538577,-68.58,52.2,-14.4,-86.154,48.834,-3.259
565468328520308,-67.02,52.800003,-12.299999,-84.601,49.476,-1.157
565468338588000,-65.29,56.1,-12.900001,-82.885,52.889,-1.746
565468348505654,-63.910004,56.7,-12.900001,-81.523,53.609,-1.741
565468358547077,-63.56,58.8,-11.700001,-81.218,55.833,-0.579
565468368506423,-62.170002,60.300003,-14.1,-79.913,57.491,-3.074
565468378536500,-60.789997,62.100002,-13.5,-78.643,59.505,-2.599
565468388507346,-59.579998,63.0,-11.4,-77.547,60.684,-0.625
565468398529000,-56.460003,64.5,-12.0,-74.537,62.529,-1.34
565468408524077,-54.899998,65.4,-11.1,-73.072,63.829,-0.536
565468418550616,-52.47,66.3,-10.5,-70.725,65.18,-0.022
565468428527269,-50.05,67.8,-11.1,-68.375,67.193,-0.703
565468438525692,-46.759995,69.3,-10.8,-65.144,69.275,-0.489
565468448590346,-45.55,71.1,-9.9,-63.989,71.74,0.29
565468458529462,-41.22,70.8,-9.0,-59.708,72.14,1.033
565468468508692,-38.97,71.7,-9.9,-57.491,73.763,-0.051
565468478631154,-35.850002,72.6,-7.5,-54.379,75.407,2.146
565468488516654,-32.21,72.3,-9.6,-50.717,75.872,-0.166
565468498548731,-28.400002,72.9,-7.2,-46.852,77.258,2.009
565468508517423,-24.59,73.5,-7.200001,-42.945,78.656,1.787
565468518532615,-21.130001,72.299995,-6.5999994,-39.345,78.255,2.175
565468528513885,-16.969997,72.600006,-4.2000003,-35.01,79.342,4.364
565468538533154,-13.68,71.1,-5.1000004,-31.522,78.613,3.235
565468548500269,-11.08,71.1,-3.6,-28.7,79.364,4.494
565468558539500,-6.58,69.0,-1.1999998,-23.952,77.984,6.658
565468568517423,-3.9799995,67.2,-0.3000002,-21.085,76.874,7.322
565468578529923,-1.3799992,66.0,-0.3000002,-18.195,76.342,7.086
565468588499885,1.7299995,64.5,0.5999999,-14.782,75.481,7.743
565468598532577,4.1499996,62.1,1.7999997,-12.055,73.687,8.686
565468608515692,6.919999,60.3,4.2000003,-8.987,72.447,10.81
565468618529192,9.35,59.100002,4.2000003,-6.253,71.776,10.534
565468628493000,12.12,56.699997,7.2000003,-3.172,69.877,13.265
565468638523192,14.37,53.4,6.9000006,-0.602,67.05,12.711
565468648519961,16.28,51.300003,7.2,1.636,65.396,12.782
565468658538500,18.7,47.699997,10.8,4.397,62.211,16.198
565468668493961,20.43,46.199997,10.200001,6.46,61.078,15.468
565468678530731,21.3,44.1,9.9,7.642,59.302,15.064
565468688500654,22.86,42.0,11.4,9.505,57.503,16.459
565468698516231,23.380001,40.5,12.9,10.299,56.274,17.837
565468708517577,24.94,37.800003,12.599999,12.088,53.803,17.397
565468718516577,26.15,36.0,14.699999,13.471,52.186,19.342
565468728501961,26.67,34.8,16.8,14.103,51.119,21.277
565468738535000,27.53,34.199997,16.5,15.02,50.607,20.814
565468748521846,28.23,33.0,17.1,15.735,49.455,21.271
565468758540654,28.23,33.0,17.7,15.711,49.46,21.781
565468768512346,29.439999,32.4,18.0,16.88,48.841,22.026
565468778513923,29.96,33.0,17.7,17.327,49.396,21.686
565468788509884,29.96,34.199997,17.7,17.212,50.517,21.639
565468798537115,30.130001,33.899998,19.2,17.219,50.107,23.063
565468808564654,30.82,34.5,19.2,17.67,50.543,22.941
565468818536731,30.48,36.6,19.2,17.075,52.45,22.856
565468828512308,30.650002,37.8,19.5,17.054,53.496,23.117
565468838525615,31.34,37.2,20.7,17.632,52.804,24.294
565468848523384,32.04,36.3,20.1,18.273,51.86,23.656
565468868538115,31.17,38.399998,19.8,17.042,53.717,22.973
565468878546846,31.17,39.899998,22.800001,16.791,55.031,25.728
565468888514000,31.86,39.300003,25.2,17.214,54.219,27.885
565468898537846,31.34,40.5,24.3,16.446,55.211,26.758
565468908527615,30.48,41.7,27.0,15.358,56.216,29.215
565468918563961,31.0,42.0,28.5,15.624,56.284,30.461
565468928515731,30.48,42.6,28.8,14.855,56.639,30.55
565468938662923,29.439999,45.0,28.8,13.603,58.817,30.406
565468948635615,29.61,44.100002,27.9,13.593,57.719,29.414
565468958535692,29.09,45.9,27.0,12.916,59.338,28.462
565468968522731,29.44,46.5,29.400002,13.128,59.769,30.856
565468978537769,28.920002,46.8,28.5,12.47,59.895,29.99
565468988491077,29.61,47.4,27.900002,13.021,60.313,29.429
565468998490846,29.44,48.9,27.6,12.725,61.647,29.156
565469008501346,29.61,48.600002,27.300001,12.777,61.191,28.853
565469028517192,29.09,50.4,27.0,11.943,62.587,28.318
565469048508961,28.23,52.800003,28.5,10.742,64.522,29.524
565469058511384,28.05,52.800003,28.800001,10.41,64.3,29.735
565469068497461,28.23,52.5,28.5,10.468,63.817,29.351
565469078498307,28.05,54.299995,29.4,10.2,65.477,30.271
565469088488000,27.53,54.300003,27.900002,9.597,65.341,28.794
565469098501884,27.88,54.3,27.9,9.858,65.196,28.788
565469108534153,26.67,56.1,27.0,8.552,66.839,27.858
565469118533461,27.01,56.100002,28.8,8.795,66.676,29.609
565469128518884,27.01,56.4,29.4,8.702,66.817,30.18
565469148543307,26.32,57.600002,30.6,7.886,67.789,31.428
565469158544269,27.189999,57.9,29.1,8.7,67.985,29.952
565469168613346,25.8,57.899998,28.5,7.254,67.881,29.359
565469188523807,26.84,58.5,29.1,8.181,68.265,29.99
565469198575807,25.460001,59.700005,27.9,6.753,69.369,28.829
565469208533846,26.32,58.799995,29.400002,7.576,68.393,30.377
565469218513653,25.630001,59.4,28.8,6.849,68.918,29.802
565469228547423,25.63,60.3,28.2,6.802,69.725,29.187
565469238512692,25.279999,59.7,28.2,6.4,69.024,29.159
565469248543000,25.28,60.9,28.8,6.351,70.125,29.74
565469258524923,24.59,61.199997,28.8,5.617,70.335,29.733
565469268537423,24.59,61.499996,28.2,5.575,70.548,29.135
565469278520730,24.24,61.5,29.4,5.181,70.456,30.331
565469288545346,24.240002,61.2,26.4,5.134,70.056,27.317
565469298518423,24.419998,61.800003,28.5,5.266,70.553,29.407
565469308545038,24.76,62.100002,29.099998,5.563,70.758,30.005
565469318516923,24.42,63.0,29.099998,5.184,71.571,30.015
565469328549423,24.07,62.699997,27.3,4.798,71.186,28.236
565469338524269,23.380001,63.9,29.7,4.071,72.299,30.656
565469358535615,23.55,64.2,28.8,4.164,72.415,29.799
565469368505538,24.24,63.9,27.599998,4.819,72.028,28.637
565469388527692,23.029999,65.1,27.900002,3.557,73.086,29.044
565469398550884,23.380001,65.700005,27.300001,3.884,73.623,28.502
565469408527269,23.72,66.0,26.1,4.206,73.867,27.379
565469418540769,23.900002,65.4,24.6,4.37,73.211,25.969
565469428542076,23.38,66.3,24.9,3.834,74.054,26.362
565469438522115,23.550001,66.3,25.800001,3.989,73.998,27.346
565469458613922,23.55,66.6,24.0,3.941,74.155,25.651
565469478538769,24.419998,66.0,25.5,4.759,73.403,27.221
565469488523115,22.86,67.2,24.599998,3.173,74.526,26.352
565469498539346,23.2,67.5,24.6,3.485,74.744,26.37
565469508521038,23.199999,67.8,23.4,3.456,74.96,25.192
565469518532499,23.2,68.1,24.0,3.43,75.181,25.825
565469528522653,23.03,67.5,23.7,3.239,74.508,25.568
565469538540538,22.859999,67.8,23.400002,3.046,74.734,25.308
565469548520769,22.16,69.0,22.8,2.322,75.852,24.751
565469558547845,22.51,69.0,24.6,2.647,75.766,26.594
565469568510153,22.51,69.0,24.0,2.622,75.68,26.039
565469578536461,22.86,68.7,23.4,2.947,75.291,25.483
565469588518922,22.34,69.3,22.5,2.403,75.802,24.628
565469598538230,22.86,69.299995,22.199999,2.899,75.712,24.376
565469608518038,21.82,70.200005,22.2,1.836,76.524,24.429
565469618530076,21.47,71.1,22.2,1.466,77.339,24.488
565469628523422,21.65,71.100006,23.1,1.628,77.26,25.441
565469638548961,20.95,71.1,23.1,0.909,77.18,25.483
565469648519307,20.949999,72.299995,21.9,0.887,78.295,24.321
565469658573692,20.61,71.100006,20.699999,0.528,77.01,23.168
565469678511653,20.78,71.7,21.0,0.673,77.463,23.61
565469688524692,21.470001,71.7,22.2,1.35,77.39,24.87
565469698527153,20.61,72.299995,22.5,0.472,77.907,25.205
565469708519230,20.61,71.7,23.099998,0.454,77.223,25.842
565469718498192,20.43,72.9,21.0,0.26,78.346,23.793
565469728535768,20.43,72.3,22.199999,0.251,77.68,25.057
565469738519499,20.43,72.6,21.6,0.244,77.917,24.523
565469748540268,20.609999,72.6,21.9,0.414,77.851,24.878
565469758511038,20.609999,72.3,21.9,0.401,77.474,24.921
565469768528922,19.91,72.299995,22.5,-0.313,77.391,25.561
565469778519191,19.57,72.6,21.9,-0.669,77.611,24.99
565469788515653,19.22,73.2,21.3,-1.03,78.141,24.43
565469798512538,18.529999,72.6,19.5,-1.724,77.477,22.702
565469808538961,19.39,73.8,20.4,-0.861,78.622,23.703
565469818507615,19.57,73.2,20.099998,-0.673,77.977,23.515
565469828540576,19.220001,72.899994,20.099998,-1.019,77.631,23.602
565469838503422,19.57,72.899994,18.9,-0.669,77.576,22.476
565469848537999,19.22,73.200005,18.900002,-1.02,77.814,22.551
565469858528461,18.869999,73.2,19.5,-1.367,77.764,23.228
565469868564730,18.699999,73.799995,19.800001,-1.53,78.326,23.61
565469878507384,19.390001,73.2,18.599998,-0.828,77.696,22.508
565469888545922,19.220001,72.899994,19.5,-0.984,77.366,23.513
565469898569884,19.57,73.200005,18.900002,-0.619,77.633,23.027
565469908537307,19.39,72.6,18.0,-0.781,77.001,22.248
565469918494422,19.57,73.8,18.9,-0.579,78.174,23.276
565469928532691,19.91,73.200005,17.099998,-0.221,77.551,21.581
565469938512845,19.05,73.5,18.0,-1.072,77.827,22.543
565469948539037,18.869999,73.2,17.099998,-1.253,77.488,21.675
565469958517076,18.87,73.5,17.1,-1.261,77.742,21.686
565469968525807,19.050001,73.799995,15.6,-1.088,78.004,20.187
565469978583461,18.699999,73.2,17.4,-1.444,77.378,21.986
565469988552345,17.83,73.5,15.9,-2.317,77.66,20.487
565470008515961,18.35,74.4,16.800001,-1.823,78.531,21.301
565470018542499,18.35,74.1,18.0,-1.841,78.211,22.439
565470038551114,18.349998,74.4,17.4,-1.867,78.48,21.746
565470048564922,19.22,74.1,18.9,-1.003,78.18,23.217
565470058519960,18.35,74.1,16.8,-1.874,78.193,21.101
565470068552307,18.18,74.4,18.3,-2.042,78.513,22.592
565470078517153,18.18,73.799995,17.7,-2.041,77.933,21.978
565470088537345,18.18,74.1,17.7,-2.043,78.249,21.952
565470098516384,18.7,74.4,17.400002,-1.529,78.554,21.62
565470108519114,18.35,73.8,18.0,-1.886,77.952,22.187
565470118518922,18.7,74.4,18.0,-1.542,78.555,22.156
565470128539422,18.7,74.399994,18.0,-1.545,78.562,22.135
565470138504307,17.66,75.0,18.6,-2.587,79.171,22.714
565470148553537,18.01,75.0,19.199999,-2.242,79.176,23.286
565470158544422,18.18,75.0,18.9,-2.079,79.169,22.959
565470168659691,18.009998,75.0,19.199999,-2.255,79.159,23.237
565470178528960,18.18,75.0,18.900002,-2.091,79.15,22.916
565470188553268,18.35,73.8,18.599998,-1.928,77.94,22.592
565470198509999,18.009998,74.7,19.2,-2.276,78.826,23.165
565470208526345,18.01,74.4,19.2,-2.284,78.512,23.139
565470218523460,17.83,74.4,19.5,-2.47,78.501,23.421
565470228547268,18.699999,74.4,19.8,-1.603,78.496,23.708
565470238519345,17.66,75.299995,19.2,-2.646,79.394,23.094
565470248546076,18.18,74.7,20.1,-2.13,78.793,23.976
565470258523114,18.35,74.399994,20.4,-1.963,78.491,24.261
565470268539883,18.179998,74.4,20.1,-2.134,78.496,23.952
565470278511191,18.7,74.4,22.2,-1.612,78.509,26.048
565470288538114,18.01,75.3,22.800001,-2.299,79.424,26.648
565470298525268,17.49,75.3,20.7,-2.816,79.442,24.544
565470308541460,17.83,75.3,19.5,-2.475,79.458,23.33
565470318527230,18.7,74.7,20.4,-1.604,78.878,24.213
565470328538037,17.32,75.899994,20.4,-2.982,80.102,24.201
565470338517268,18.53,74.399994,20.7,-1.768,78.629,24.492
565470348566922,18.18,75.0,20.7,-2.113,79.258,24.486
565470358511730,18.87,75.600006,21.3,-1.417,79.883,25.09
565470368526383,18.869999,73.2,20.699999,-1.412,77.504,24.494
565470378524460,18.53,74.1,20.099998,-1.75,78.417,23.89
565470388562614,18.87,75.3,21.3,-1.411,79.621,25.078
565470398519653,18.35,75.6,21.0,-1.933,79.921,24.769
565470408536768,17.83,74.399994,19.5,-2.452,78.726,23.268
565470418521768,18.87,73.8,21.3,-1.407,78.136,25.08
565470428542268,18.7,74.4,22.199999,-1.571,78.75,26.001
565470448511037,18.53,73.799995,21.3,-1.727,78.172,25.146
565470458605922,18.529999,74.399994,20.7,-1.721,78.783,24.569
565470478525114,18.53,73.2,21.300001,-1.701,77.624,25.224
565470488532614,18.7,73.8,20.4,-1.521,78.245,24.351
565470498523191,19.05,73.5,21.0,-1.163,77.96,24.978
565470508543806,19.22,73.5,21.3,-0.983,77.973,25.312
565470518525652,18.87,72.6,20.099998,-1.323,77.085,24.15
565470528539883,18.699999,73.5,21.599998,-1.482,77.997,25.692
565470538515806,18.53,73.200005,20.099998,-1.642,77.716,24.22
565470548552576,18.869999,72.6,22.5,-1.294,77.131,26.641
565470558525537,19.22,73.2,21.9,-0.94,77.729,26.062
565470568539614,18.35,73.799995,20.400002,-1.805,78.323,24.593
565470578526576,18.35,73.5,20.400002,-1.796,78.022,24.638
565470588550075,19.22,73.2,21.3,-0.913,77.723,25.597
565470598508383,18.53,73.8,21.3,-1.59,78.327,25.654
565470608536999,18.7,74.7,22.2,-1.411,79.222,26.603
565470618522575,18.53,73.8,21.9,-1.578,78.305,26.33
565470628540268,18.869999,73.5,21.3,-1.242,77.974,25.743
565470638521422,18.53,73.2,23.1,-1.587,77.644,27.554
565470648545075,18.53,73.8,21.900002,-1.59,78.216,26.367
565470658520422,18.699999,73.8,21.6,-1.419,78.191,26.097
565470668542422,18.18,73.5,21.9,-1.934,77.866,26.442
565470678507614,18.7,72.6,21.0,-1.406,76.946,25.596
565470688541575,18.529999,73.8,20.7,-1.568,78.122,25.353
565470698522422,18.7,73.2,23.400002,-1.39,77.5,28.107
565470708548229,18.18,74.1,21.3,-1.904,78.376,26.056
565470718524768,18.529999,72.899994,21.3,-1.555,77.145,26.078
565470728537575,18.7,72.9,21.6,-1.396,77.098,26.372
565470738519998,17.66,74.4,21.599998,-2.452,78.544,26.352
565470748541345,17.83,73.5,20.7,-2.298,77.594,25.431
565470758507152,17.83,73.2,21.3,-2.306,77.251,26.034
565470768535114,17.66,73.8,22.2,-2.477,77.813,26.961
565470778519306,17.320002,74.399994,23.4,-2.814,78.368,28.21
565470788526729,17.66,74.4,22.199999,-2.475,78.318,27.046
565470798516922,17.32,74.4,22.199999,-2.82,78.257,27.074
565470808535421,16.970001,74.4,21.599998,-3.178,78.196,26.491
565470818515345,18.01,74.4,22.2,-2.145,78.136,27.108
565470828537383,16.619999,75.299995,20.4,-3.54,78.979,25.33
565470838510460,16.97,75.6,22.2,-3.191,79.226,27.167
565470848544960,17.14,75.0,21.9,-3.014,78.578,26.93
565470858517037,16.62,75.299995,22.199999,-3.525,78.835,27.293
565470878548306,16.800001,75.6,21.3,-3.334,79.098,26.463
565470898514345,16.8,75.9,21.9,-3.328,79.401,27.083
565470908554883,16.449999,75.9,21.9,-3.676,79.403,27.088
565470928512383,16.619999,75.6,22.2,-3.489,79.138,27.433
565470948527152,17.66,74.7,21.6,-2.43,78.266,26.886
565470958508921,17.14,74.4,21.300001,-2.94,77.983,26.613
565470968531768,16.97,75.0,21.0,-3.097,78.607,26.346
565470978567537,17.49,74.100006,20.699999,-2.565,77.732,26.074
565470988557575,17.14,74.399994,20.7,-2.908,78.047,26.09
565470998526498,16.62,74.700005,19.8,-3.425,78.359,25.192
565471008516268,17.32,74.4,21.0,-2.726,78.067,26.381
565471018501844,17.49,74.4,20.1,-2.555,78.08,25.476
565471028542844,17.830002,74.399994,20.7,-2.21,78.104,26.082
565471038503998,17.83,74.7,19.5,-2.201,78.432,24.895
565471048539460,17.49,73.5,20.1,-2.53,77.258,25.516
565471058520767,17.49,73.2,20.1,-2.516,76.977,25.556
565471068538344,17.14,74.700005,20.699999,-2.853,78.495,26.189
565471078517421,17.66,72.9,20.4,-2.326,76.704,25.911
565471088585383,17.14,73.8,19.5,-2.846,77.596,25.016
565471098512883,17.83,73.799995,20.1,-2.157,77.587,25.617
565471108538575,16.619999,74.100006,19.199999,-3.367,77.882,24.72
565471118510921,18.01,73.2,20.400002,-1.979,76.976,25.919
565471128546383,17.49,73.8,20.7,-2.503,77.565,26.209
565471138503729,17.140001,73.5,20.099998,-2.862,77.255,25.585
565471148548421,17.49,73.5,20.7,-2.522,77.242,26.157
565471158528152,17.49,73.799995,22.5,-2.531,77.534,27.931
565471168543114,17.14,74.700005,23.1,-2.888,78.427,28.509
565471178509075,17.66,73.8,22.2,-2.372,77.515,27.601
565471188596114,17.49,73.5,20.1,-2.541,77.208,25.51
565471198515921,17.49,73.8,21.9,-2.534,77.509,27.334
565471208527537,17.49,73.8,20.699999,-2.525,77.522,26.161
565471218520498,17.66,74.7,21.0,-2.347,78.435,26.481
565471228535729,17.66,73.5,22.2,-2.342,77.244,27.69
565471238576806,17.83,74.4,21.3,-2.17,78.151,26.796
565471248534037,17.49,74.4,21.3,-2.509,78.149,26.799
565471258518960,18.01,73.5,21.6,-1.991,77.246,27.093
565471268534921,17.32,72.6,19.8,-2.685,76.347,25.278
565471278515113,17.14,73.8,20.1,-2.868,77.549,25.569
565471288531383,17.320002,73.2,20.400002,-2.689,76.946,25.867
565471298527421,17.32,73.2,21.0,-2.691,76.944,26.461
565471308539537,17.32,73.200005,21.6,-2.693,76.939,27.055
565471318517113,17.32,73.5,20.4,-2.697,77.231,25.848
565471328535460,16.800001,73.2,20.7,-3.22,76.921,26.142
565471338512267,17.32,73.200005,20.4,-2.702,76.914,25.841
565471348532652,17.83,72.9,21.3,-2.19,76.611,26.748
565471368510344,17.83,73.799995,20.7,-2.187,77.504,26.163
565471378525536,17.14,73.5,20.7,-2.875,77.2,26.173
565471388516844,16.279999,73.8,21.599998,-3.735,77.495,27.077
565471398538498,17.49,73.799995,20.7,-2.525,77.491,26.18
565471408519806,17.49,73.8,20.7,-2.523,77.495,26.184
565471418543690,17.14,74.399994,21.300001,-2.871,78.102,26.79
565471428515383,17.66,73.799995,19.8,-2.351,77.506,25.286
565471438531652,17.66,73.5,21.6,-2.353,77.208,27.076
565471448509459,17.490002,73.8,20.7,-2.526,77.513,26.162
565471458535344,17.32,74.4,19.199999,-2.698,78.121,24.651
565471468514883,17.49,73.5,20.1,-2.527,77.233,25.544
565471478538729,16.970001,74.7,19.8,-3.046,78.448,25.239
565471488511729,18.18,73.5,21.900002,-1.835,77.261,27.332
565471498538729,17.32,73.8,21.0,-2.697,77.567,26.422
565471508521267,17.83,74.1,21.9,-2.19,77.867,27.312
565471518536844,17.32,74.1,20.4,-2.702,77.865,25.805
565471528516113,17.49,74.1,21.9,-2.532,77.865,27.303
565471538533152,17.66,73.2,21.6,-2.364,76.965,26.997
565471548522152,17.32,74.4,22.2,-2.707,78.163,27.586
565471558538267,18.01,73.2,21.0,-2.022,76.958,26.37
565471568519459,17.32,73.200005,21.0,-2.718,76.954,26.354
565471578539882,18.35,72.9,19.2,-1.692,76.648,24.541
565471588512613,17.320002,74.399994,20.4,-2.727,78.144,25.727
565471598542344,18.18,73.8,21.900002,-1.871,77.539,27.214
565471608519959,17.14,73.5,20.7,-2.915,77.238,26.0
565471618539882,17.49,74.1,20.699999,-2.568,77.84,25.987
565471628516806,17.66,74.1,21.0,-2.4,77.845,26.275
565471638532652,17.140001,74.1,20.7,-2.921,77.853,25.966
565471648516575,17.66,73.200005,21.6,-2.402,76.966,26.853
565471658538229,17.14,73.5,21.9,-2.924,77.279,27.137
565471668516844,18.01,73.5,20.400002,-2.056,77.292,25.62
565471678539459,17.49,72.9,21.3,-2.577,76.708,26.505
565471688530382,17.830002,73.8,20.099998,-2.238,77.623,25.289
565471698541536,18.01,72.9,19.8,-2.059,76.735,24.975
565471708516998,17.83,74.1,22.5,-2.24,77.947,27.662
565471718541805,17.83,73.799995,21.300001,-2.241,77.658,26.45
565471728516036,18.18,73.200005,21.300001,-1.897,77.065,26.422
565471738541190,17.49,73.799995,20.099998,-2.587,77.672,25.217
565471748640267,18.35,73.200005,21.0,-1.73,77.077,26.102
565471759420229,17.32,73.8,21.0,-2.765,77.688,26.073
565471768539805,17.66,74.1,22.8,-2.425,77.988,27.873
565471778547305,17.49,73.8,21.9,-2.598,77.695,26.956
