565461858506236,18.828,-8.744999,-3.6500015
565461868575774,18.828,-8.741001,-3.658001
565461879529851,18.832,-8.733002,-3.6549988
565461888583543,18.832,-8.733002,-3.6549988
565461898581812,18.834,-8.728001,-3.6539993
565461908797812,18.836,-8.726002,-3.6539993
565461928512812,18.837,-8.723,-3.651001
565461948498736,18.84,-8.719002,-3.651001
565461968516082,18.839,-8.720001,-3.6539993
565461988538505,18.843,-8.714001,-3.6430016
565461998514928,18.846,-8.711998,-3.6360016
565462018519274,18.846,-8.713001,-3.6310005
565462038530966,18.842,-8.716999,-3.6430016
565462048521389,18.841,-8.7179985,-3.6450005
565462058539697,18.842,-8.715,-3.646
565462068520005,18.842,-8.714001,-3.6469994
565462078540851,18.842,-8.714001,-3.6469994
565462088523351,18.842,-8.715,-3.6500015
565462098545043,18.842,-8.714001,-3.651001
565462108518312,18.843,-8.711998,-3.6500015
565462118533697,18.844,-8.709999,-3.6479988
565462128520735,18.845,-8.707001,-3.651001
565462138531158,18.845,-8.704998,-3.6529999
565462148531928,18.847,-8.702,-3.6529999
565462159198082,18.849,-8.695999,-3.6559982
565462168552966,18.849,-8.695999,-3.6559982
565462178584274,18.848,-8.695,-3.6609993
565462188540889,18.847,-8.695,-3.6660004
565462198554466,18.847,-8.694,-3.670002
565462208516505,18.848,-8.692001,-3.6730003
565462218548774,18.848,-8.688999,-3.6749992
565462228527466,18.85,-8.687,-3.6739998
565462238538581,18.85,-8.686001,-3.6749992
565462248514197,18.849,-8.687,-3.6749992
565462258534543,18.845,-8.691002,-3.6879997
565462268515966,18.839,-8.696999,-3.7039986
565462278534005,18.834,-8.702999,-3.7190018
565462288514120,18.829,-8.707001,-3.7319984
565462298536389,18.823,-8.713001,-3.7459984
565462308519697,18.815,-8.723,-3.764
565462318545889,18.804,-8.7369995,-3.7869987
565462328525312,18.79,-8.755001,-3.8139992
565462338540851,18.775,-8.773998,-3.841999
565462348513658,18.762,-8.792,-3.868
565462358536735,18.75,-8.805,-3.8969994
565462368507581,18.741,-8.817001,-3.915001
565462378536735,18.734,-8.824001,-3.9290009
565462388523158,18.73,-8.829002,-3.9370003
565462398535774,18.733,-8.826,-3.9300003
565462408546581,18.741,-8.818001,-3.9129982
565462418536389,18.751,-8.806999,-3.889
565462428510043,18.758,-8.799,-3.868
565462438602812,18.762,-8.798,-3.8549995
565462458535274,18.763,-8.803001,-3.8359985
565462478532312,18.772,-8.799999,-3.7989998
565462488512427,18.778,-8.798,-3.7779999
565462498533889,18.785,-8.792,-3.751999
565462508515504,18.793,-8.786999,-3.7249985
565462518535427,18.797,-8.786999,-3.7070007
565462528519543,18.796,-8.792,-3.6959991
565462538528620,18.798,-8.795998,-3.6800003
565462548500274,18.801,-8.797001,-3.6590004
565462558536235,18.807,-8.795998,-3.6349983
565462568515081,18.812,-8.795002,-3.6080017
565462578533620,18.819,-8.792,-3.5820007
565462588504081,18.823,-8.792,-3.5579987
565462598532504,18.826,-8.792,-3.5410004
565462608513312,18.828,-8.796001,-3.5229988
565462618533350,18.83,-8.803001,-3.4970016
565462628506581,18.832,-8.806,-3.4770012
565462638530812,18.834,-8.810001,-3.4539986
565462648520389,18.839,-8.811001,-3.4259987
565462658563081,18.846,-8.807999,-3.3969994
565462668509197,18.849,-8.810001,-3.369999
565462678534620,18.848,-8.819,-3.3549995
565462698513312,18.83,-8.859001,-3.3520012
565462718503812,18.819,-8.889999,-3.3310013
565462738509389,18.811,-8.921001,-3.2879982
565462758541043,18.8,-8.962002,-3.2459984
565462768541966,18.792,-8.984001,-3.2299995
565462778541427,18.782,-9.007999,-3.2190018
565462788533581,18.774,-9.030998,-3.2039986
565462798519120,18.768,-9.049,-3.1819992
565462808516812,18.766,-9.063999,-3.1549988
565462818543158,18.765,-9.079002,-3.119999
565462828534966,18.766,-9.09,-3.0800018
565462838532504,18.77,-9.096001,-3.0369987
565462848526273,18.775,-9.098999,-2.9939995
565462858532966,18.779,-9.104,-2.954998
565462868548004,18.778,-9.117001,-2.9249992
565462878541427,18.771,-9.136002,-2.9059982
565462888517273,18.763,-9.156998,-2.8909988
565462898533543,18.757,-9.175999,-2.8720016
565462908516696,18.754,-9.189999,-2.8479996
565462918526619,18.752,-9.201,-2.8219986
565462928520927,18.751,-9.209999,-2.8009987
565462938540081,18.747,-9.220001,-2.7929993
565462948522042,18.741,-9.231998,-2.7949982
565462958533350,18.736,-9.240002,-2.8019981
565462968513158,18.735,-9.240002,-2.808998
565462978565773,18.736,-9.2369995,-2.8149986
565462988537119,18.734,-9.2369995,-2.8240013
565462998540773,18.73,-9.241001,-2.8409996
565463008521812,18.726,-9.242001,-2.862999
565463018530927,18.728,-9.2369995,-2.869999
565463028532119,18.735,-9.225002,-2.8600006
565463038529466,18.747,-9.205002,-2.8409996
565463048515696,18.762,-9.181999,-2.8180008
565463058550081,18.778,-9.155998,-2.797001
565463068512927,18.795,-9.125999,-2.7809982
565463078531927,18.814,-9.091,-2.7659988
565463088512312,18.837,-9.049999,-2.7470016
565463098532081,18.862,-9.0060005,-2.716999
565463108544158,18.891,-8.955002,-2.6870003
565463118537889,18.92,-8.902,-2.658001
565463128524004,18.952,-8.845001,-2.6189995
565463138538889,18.988,-8.783001,-2.5699997
565463148523042,19.023,-8.7179985,-2.5299988
565463158536658,19.051,-8.663002,-2.505001
565463168515542,19.068,-8.624001,-2.5099983
565463178536542,19.083,-8.587002,-2.5229988
565463188517696,19.096,-8.556,-2.533001
565463198535312,19.111,-8.521,-2.5369987
565463208518465,19.128,-8.481998,-2.5359993
565463218535581,19.145,-8.444,-2.5359993
565463228517773,19.161,-8.4070015,-2.5390015
565463238526542,19.177,-8.370998,-2.5410004
565463248515235,19.193,-8.341,-2.519001
565463258544927,19.21,-8.311001,-2.4840012
565463268519927,19.23,-8.277,-2.4469986
565463278531619,19.25,-8.240002,-2.4119987
565463288518235,19.271,-8.202,-2.3740005
565463298535619,19.292,-8.162998,-2.3359985
565463308519927,19.314,-8.120998,-2.2989998
565463318569619,19.337,-8.078999,-2.2560005
565463328525081,19.351,-8.053001,-2.2280006
565463338528927,19.36,-8.035,-2.216999
565463348522311,19.365,-8.022999,-2.209999
565463358539427,19.371,-8.010998,-2.202999
565463368523081,19.38,-7.9920006,-2.1940002
565463378533196,19.391,-7.970001,-2.1819992
565463388517081,19.403,-7.9449997,-2.1619987
565463398537850,19.417,-7.9179993,-2.1349983
565463408517888,19.431,-7.8950005,-2.0909996
565463418536504,19.443,-7.875,-2.0519981
565463428519465,19.453,-7.8569984,-2.026001
565463439064196,19.456,-7.8460007,-2.0390015
565463448545042,19.456,-7.8460007,-2.0390015
565463458543427,19.458,-7.8409996,-2.040001
565463468536311,19.467,-7.826,-2.0169983
565463478558504,19.489,-7.7840004,-1.9589996
565463488520504,19.527,-7.7109985,-1.8779984
565463498539119,19.561,-7.6360016,-1.8209991
565463508515465,19.591,-7.566002,-1.7970009
565463518531773,19.619,-7.493,-1.7970009
565463528513042,19.647,-7.4140015,-1.8159981
565463538526311,19.678,-7.326,-1.8380013
565463548515734,19.711,-7.229,-1.8660011
565463558534427,19.748,-7.1189995,-1.8979988
565463568514388,19.79,-6.993,-1.9249992
565463578541657,19.835,-6.859001,-1.9510002
565463588533657,19.883,-6.7109985,-1.9770012
565463598536850,19.934,-6.545002,-2.014
565463608520119,19.985,-6.3709984,-2.072998
565463618544273,20.031,-6.1949997,-2.1559982
565463628535350,20.072,-6.0200005,-2.2659988
565463638529196,20.109,-5.8339996,-2.422001
565463648522273,20.138,-5.6489983,-2.6119995
565463658539119,20.161,-5.451,-2.8440018
565463668531350,20.181,-5.2350006,-3.0999985
565463678540927,20.204,-4.9970016,-3.3339996
565463688520542,20.235,-4.7319984,-3.5279999
565463698534311,20.266,-4.4679985,-3.6889992
565463708521042,20.3,-4.2109985,-3.802002
565463718534119,20.33,-3.9630013,-3.9090004
565463728515811,20.35,-3.7330017,-4.0270004
565463738541811,20.351,-3.5559998,-4.177002
565463748520773,20.341,-3.4539986,-4.311001
565463758540734,20.327,-3.4440002,-4.3880005
565463768518811,20.302,-3.5089989,-4.4469986
565463778537273,20.269,-3.604,-4.524002
565463788518196,20.218,-3.751999,-4.6279984
565463798530196,20.136,-4.0009995,-4.774002
565463808516311,20.032,-4.3149986,-4.9370003
565463818535234,19.911,-4.674999,-5.0979996
565463828520388,19.776,-5.065998,-5.2470016
565463838534311,19.629,-5.4850006,-5.376999
565463848532042,19.47,-5.926998,-5.484001
565463858554965,19.3,-6.389,-5.5649986
565463868548119,19.124,-6.8670006,-5.6049995
565463878544426,18.947,-7.348999,-5.5909996
565463888523580,18.774,-7.8289986,-5.5239983
565463898548850,18.593,-8.313,-5.429001
565463908511926,18.393,-8.805,-5.333
565463918533234,18.172,-9.307999,-5.2350006
565463928518773,17.931,-9.82,-5.1290016
565463938537234,17.675,-10.33,-5.0149994
565463948517119,17.414,-10.825001,-4.8829994
565463958531734,17.142,-11.307999,-4.7459984
565463968513849,16.852,-11.785999,-4.623001
565463978628311,16.538,-12.261,-4.522999
565463988537119,16.204,-12.73,-4.4309998
565463998537849,15.862999,-13.184,-4.34
565464008520234,15.5130005,-13.609001,-4.2890015
565464018537619,15.149,-14.0130005,-4.290001
565464028522503,14.767,-14.403999,-4.329998
565464038539272,14.3810005,-14.771,-4.389
565464048513811,14.017,-15.102001,-4.4420013
565464058531965,13.701,-15.383999,-4.459999
565464068519888,13.455,-15.604,-4.4440002
565464078536619,13.282,-15.7630005,-4.4020004
565464088509619,13.147999,-15.8880005,-4.354
565464098536696,13.047001,-15.983,-4.3120003
565464108522196,13.014999,-16.021,-4.264
565464118543772,13.034,-16.022,-4.2070007
565464128520734,13.09,-15.992001,-4.146
565464138542465,13.182001,-15.935001,-4.0719986
565464148525619,13.282,-15.8689995,-4.005001
565464158536272,13.375,-15.805,-3.9480019
565464168514311,13.469999,-15.737999,-3.894001
565464178534926,13.579,-15.658001,-3.8339996
565464188529388,13.733,-15.540001,-3.7669983
565464198536926,13.913,-15.3880005,-3.729
565464208517234,14.063,-15.2439995,-3.7579994
565464218534965,14.139999,-15.144001,-3.8709984
565464228519926,14.145,-15.094,-4.0460014
565464238533157,14.121,-15.071999,-4.208
565464248516272,14.101,-15.056,-4.3289986
565464258530618,14.156,-14.979,-4.4160004
565464268515311,14.258999,-14.873001,-4.4440002
565464278532003,14.389,-14.757,-4.412998
565464288513542,14.529999,-14.632999,-4.3619995
565464298534349,14.68,-14.507,-4.281002
565464308511503,14.847,-14.369999,-4.1640015
565464318530234,15.041,-14.208,-4.0219994
565464338502157,15.471001,-13.811001,-3.7649994
565464358500657,15.85,-13.434,-3.5460014
565464378492426,16.2,-13.068001,-3.3260002
565464398516003,16.537,-12.695,-3.1049995
565464408516888,16.697,-12.507999,-3.005001
565464418531503,16.84,-12.321999,-2.973999
565464428516926,16.969,-12.146,-2.9659996
565464438531695,17.093,-11.975,-2.9490013
565464448530157,17.224,-11.791,-2.9269981
565464458537157,17.365,-11.597,-2.869999
565464468522080,17.5,-11.41,-2.7999992
565464478715657,17.708,-11.095001,-2.757
565464488533695,17.708,-11.095001,-2.757
565464498548849,17.805,-10.938,-2.7579994
565464508484503,17.88,-10.812,-2.7719994
565464518502311,17.966,-10.666,-2.7799988
565464528476118,18.053,-10.514999,-2.795002
565464538485580,18.134,-10.373001,-2.7989998
565464548488580,18.206,-10.24,-2.8199997
565464558515849,18.266,-10.121,-2.8650017
565464568510041,18.305,-10.028,-2.9389992
565464578509464,18.34,-9.939999,-3.0180016
565464588474772,18.375,-9.855,-3.0810013
565464598493964,18.413,-9.769001,-3.126999
565464608479580,18.453,-9.682999,-3.1619987
565464618487772,18.49,-9.601,-3.1980019
565464628473964,18.524,-9.519001,-3.243
565464638487118,18.559,-9.437,-3.2869987
565464648524234,18.603,-9.339001,-3.3129997
565464658531387,18.658,-9.228001,-3.316002
565464668519887,18.721,-9.098999,-3.3199997
565464678544541,18.78,-8.968,-3.3429985
565464688514541,18.826,-8.855999,-3.3810005
565464698520041,18.862,-8.755001,-3.4420013
565464718511118,18.93,-8.547001,-3.586998
565464738533657,19.001,-8.319,-3.7470016
565464748517503,19.036,-8.200001,-3.8320007
565464758522849,19.07,-8.077999,-3.9179993
565464768516695,19.102,-7.9570007,-4.010002
565464778536041,19.127,-7.844,-4.1109962
565464788501695,19.149998,-7.737999,-4.2060013
565464798530733,19.176003,-7.6259995,-4.290001
565464808508080,19.210999,-7.5,-4.3519974
565464818532003,19.259003,-7.3500004,-4.396
565464828518080,19.316002,-7.179001,-4.4309998
565464838533695,19.370003,-7.0009995,-4.4789963
565464848509733,19.416,-6.8290005,-4.5440025
565464858510618,19.455997,-6.6590004,-4.6270027
565464868535772,19.493,-6.483,-4.717003
565464878522618,19.54,-6.2870007,-4.789997
565464888519887,19.588001,-6.077999,-4.863003
565464898543887,19.633,-5.866001,-4.9399986
565464908511041,19.670002,-5.6639996,-5.0270004
565464918532003,19.705002,-5.462,-5.1159973
565464928513118,19.739998,-5.25,-5.198002
565464938538810,19.781002,-5.028,-5.2649994
565464948518695,19.82,-4.799,-5.3310013
565464958528464,19.851997,-4.5720005,-5.41
565464968515272,19.873001,-4.3570004,-5.5110016
565464978587810,19.882,-4.1550007,-5.632
565464988515810,19.886002,-3.9500008,-5.7629967
565464998546079,19.89,-3.7390003,-5.889
565465008524272,19.893997,-3.5149994,-6.014
565465018525118,19.889,-3.2779999,-6.1609993
565465028506656,19.870003,-3.0489998,-6.3380013
565465038532772,19.832,-2.841999,-6.549999
565465048516310,19.786,-2.6340008,-6.7719994
565465058534118,19.740997,-2.413,-6.980999
565465068520426,19.695,-2.1779995,-7.1879997
565465078535772,19.638,-1.9379997,-7.4070015
565465088518810,19.566002,-1.6969986,-7.6539993
565465098538772,19.475998,-1.4640007,-7.926998
565465108512772,19.368,-1.2330017,-8.224998
565465118566349,19.243,-0.99300003,-8.543999
565465129011926,19.099998,-0.7389984,-8.883999
565465148566272,18.714,-0.26399994,-9.695999
565465168524272,18.253998,0.24399948,-10.536999
565465188505349,18.009003,0.9720001,-10.909
565465198573733,17.896,1.368,-11.053001
565465208518618,17.807999,1.7680016,-11.137001
565465218541695,17.752998,2.137001,-11.16
565465228523310,17.712997,2.479,-11.153
565465238537733,17.694,2.8100014,-11.105
565465248517272,17.691002,3.1669998,-11.0130005
565465258535541,17.649002,3.5600014,-10.959999
565465268520541,17.507,3.9249992,-11.062
565465278542887,17.391998,4.104,-11.178001
565465288517349,17.363998,4.073002,-11.234001
565465298544079,17.348,3.9539986,-11.300999
565465308514079,17.308998,3.808998,-11.41
565465318538656,17.281998,3.6500015,-11.503002
565465328525695,17.292,3.4589996,-11.546001
565465348522156,17.364998,2.7669983,-11.624001
565465358521618,17.400002,2.3510017,-11.662001
565465368524156,17.456001,1.8779984,-11.663998
565465378507772,17.559998,1.3720016,-11.577999
565465388518887,17.696999,0.84000015,-11.42
565465408561695,18.024998,-0.32099915,-10.921
565465418555195,18.168,-0.94400024,-10.644999
565465438550118,18.384003,-2.334999,-10.043001
565465458584695,18.461,-3.7869987,-9.439999
565465468592464,18.437,-4.5200005,-9.159998
565465478513925,18.371,-5.2509995,-8.900002
565465498544964,18.158,-6.6679993,-8.372
565465508521233,18.011,-7.3569984,-8.108002
565465518542348,17.84,-8.035,-7.8390007
565465528530310,17.641,-8.708,-7.5670013
565465538540041,17.409,-9.370998,-7.3060017
565465548521733,17.143,-10.021,-7.0689983
565465558542771,16.845,-10.656998,-6.8530006
565465568507502,16.513,-11.276001,-6.665001
565465578546848,16.15,-11.8810005,-6.5030003
565465588516964,15.762,-12.469002,-6.352001
565465598551656,15.362,-13.034,-6.1970005
565465608511618,14.964,-13.564999,-6.0300007
565465618525925,14.569,-14.056999,-5.8670006
565465628527002,14.182,-14.508999,-5.7129993
565465638543771,13.782,-14.934,-5.597
565465648545617,13.365,-15.339001,-5.511999
565465668532079,12.628,-16.018,-5.314001
565465678522810,12.314,-16.299,-5.192999
565465688504348,12.064,-16.524,-5.0690002
565465698523041,11.869,-16.698,-4.955
565465708521656,11.717,-16.834,-4.8600006
565465718527848,11.617,-16.93,-4.764
565465738556156,11.756,-16.903,-4.5109997
565465758512579,12.105,-16.714,-4.2859993
565465768525964,12.311,-16.594,-4.1660004
565465788518694,12.87,-16.251,-3.8129997
565465798507733,13.18,-16.044,-3.6259995
565465808523464,13.441,-15.853,-3.5039997
565465818524617,13.573,-15.764,-3.3950005
565465828541733,13.651,-15.714,-3.316
565465838522502,13.734,-15.655,-3.2539997
565465848534810,13.852,-15.568,-3.1660004
565465858509079,13.993,-15.458,-3.0860004
565465878550694,14.383,-15.148,-2.816
565465888541810,14.609,-14.958,-2.6679993
565465898559617,14.844,-14.744,-2.5580006
565465908530002,15.054,-14.544,-2.4689999
565465918512271,15.249,-14.355,-2.382
565465928533079,15.437,-14.168,-2.2910004
565465938510925,15.627,-13.97,-2.2140007
565465948520194,15.83,-13.751,-2.1429996
565465958511810,16.024,-13.538,-2.052
565465968535194,16.204,-13.334,-1.9750004
565465978526310,16.385,-13.118,-1.9290009
565465988519694,16.558,-12.903,-1.8999996
565466008510002,16.9,-12.457,-1.8639994
565466028537848,17.22,-12.025,-1.7710009
565466038524040,17.384,-11.795,-1.716999
565466048542117,17.546,-11.563,-1.6479998
565466058533079,17.7,-11.337,-1.5670004
565466068537233,17.848,-11.115999,-1.4610004
565466078513117,17.991,-10.9,-1.3430004
565466088542540,18.129,-10.682999,-1.224
565466098520079,18.263,-10.462,-1.1269999
565466108535194,18.394,-10.234001,-1.0909996
565466118551040,18.504,-10.035,-1.0799999
565466128549233,18.609,-9.837,-1.099
565466138509117,18.705,-9.650999,-1.1160002
565466148606040,18.803,-9.459,-1.118
565466168535848,19.009,-9.039,-1.1020002
565466178504271,19.098,-8.847,-1.1239996
565466188539848,19.171,-8.681999,-1.1689997
565466198516463,19.227,-8.549,-1.2290001
565466208537309,19.277,-8.428001,-1.2810001
565466218524771,19.329,-8.304001,-1.3079996
565466228538425,19.383,-8.175999,-1.3210001
565466238519425,19.439,-8.042,-1.3149996
565466248542886,19.495,-7.906,-1.3059998
565466258518771,19.548,-7.776001,-1.3000002
565466268538232,19.595,-7.6539993,-1.309
565466278516425,19.626,-7.556999,-1.4169998
565466288537579,19.643,-7.4780006,-1.5840006
565466298517848,19.653,-7.4120007,-1.7560005
565466308534232,19.669,-7.3379993,-1.882
565466318520579,19.694,-7.248001,-1.9680004
565466328525809,19.728,-7.1399994,-2.0250006
565466338534771,19.769,-7.01,-2.0769997
565466348540925,19.813,-6.865,-2.138999
565466358518771,19.855,-6.7229996,-2.2060003
565466368528655,19.892,-6.5839996,-2.288
565466378515232,19.925,-6.4440002,-2.395999
565466388534886,19.951,-6.3129997,-2.5249996
565466398520502,19.967,-6.1970005,-2.6819992
565466408540886,19.991,-6.068001,-2.7920008
565466418526886,20.019,-5.9190006,-2.9099998
565466428541925,20.049,-5.764,-3.0150003
565466438515040,20.08,-5.597,-3.118
565466448629963,20.11,-5.432001,-3.2180004
565466458518963,20.135,-5.267,-3.3310003
565466468523386,20.156,-5.0960007,-3.4699993
565466478511886,20.172,-4.9230003,-3.6239996
565466488536271,20.186,-4.7460003,-3.7770004
565466498517040,20.206,-4.556999,-3.9020004
565466508531271,20.231,-4.352001,-4.0060005
565466518510463,20.254,-4.137001,-4.1139994
565466528522001,20.276,-3.915001,-4.2250004
565466538518040,20.295,-3.6940002,-4.3290005
565466548530425,20.319,-3.4610004,-4.408
565466558513117,20.345,-3.2180004,-4.473999
565466568535425,20.369,-2.955,-4.5439997
565466578505655,20.381,-2.6860008,-4.6550007
565466588533155,20.38,-2.4230003,-4.802
565466598516271,20.37,-2.1669998,-4.9640007
565466608528117,20.353,-1.9090004,-5.137001
565466618509309,20.328,-1.6459999,-5.322999
565466628528809,20.296,-1.3740005,-5.5180006
565466638514809,20.257,-1.0860004,-5.7229996
565466648537155,20.209,-0.78300095,-5.9399996
565466658511771,20.145,-0.46899986,-6.1829996
565466668539771,20.065,-0.14599991,-6.455
565466678505271,19.956,0.18400002,-6.783001
565466688539886,19.812,0.5090008,-7.176999
565466698524463,19.618,0.8139992,-7.664999
565466708522271,19.386,1.1130009,-8.197999
565466718521424,19.123,1.3999996,-8.753999
565466728538732,18.859,1.7150002,-9.257
565466738523847,18.621,2.105999,-9.649999
565466748532809,18.417,2.5090008,-9.941
565466758515732,18.252,2.8460007,-10.151
565466768566847,18.127,3.1240005,-10.292001
565466778510809,18.032,3.3719997,-10.381
565466788787271,17.961,3.5979996,-10.429
565466798519386,17.915,3.83,-10.424
565466808528655,17.844,4.073,-10.455
565466818516040,17.752,4.278,-10.528
565466828537578,17.695,4.323,-10.606999
565466838508963,17.685,4.179001,-10.68
565466848526386,17.683,3.955,-10.769001
565466868509963,17.807,3.4769993,-10.728
565466888497424,18.059,2.788,-10.5060005
565466908544694,18.291,1.75,-10.328
565466918521540,18.392,1.1809998,-10.229
565466928555155,18.485,0.5720005,-10.1119995
565466938512693,18.571,-0.07999992,-9.969
565466948528193,18.647,-0.7789998,-9.796
565466958517270,18.702,-1.529,-9.6
565466968541424,18.727,-2.317,-9.391
565466978535540,18.712,-3.134,-9.182
565466988554078,18.649,-3.971,-8.983
565466998524655,18.542,-4.823,-8.786
565467008518117,18.389,-5.687,-8.59
565467028530386,17.958,-7.416,-8.173
565467038514424,17.688,-8.252,-7.956
565467048542693,17.406998,-9.044,-7.7110004
565467058530193,17.107998,-9.802,-7.451
565467068541655,16.79,-10.532,-7.174
565467078542616,16.458,-11.229,-6.878
565467088533116,16.107002,-11.893,-6.5860004
565467098520540,15.735001,-12.527,-6.303
565467108528155,15.336998,-13.137,-6.038
565467118530232,14.914001,-13.722,-5.793
565467128516347,14.475998,-14.273,-5.567
565467138535386,14.042,-14.779,-5.354
565467148523347,13.618,-15.239,-5.158
565467158621886,13.196999,-15.65,-5.02
565467168521809,12.785,-16.016,-4.9300003
565467178512232,12.402,-16.343,-4.8359995
565467188516924,12.071999,-16.622,-4.7179995
565467198511732,11.807999,-16.843,-4.599
565467208523001,11.658001,-16.981,-4.4730005
565467218521924,11.588997,-17.063,-4.34
565467228525155,11.59,-17.095,-4.2099996
565467238502386,11.644001,-17.084,-4.1020007
565467248523039,11.742001,-17.037,-4.016
565467258521924,11.887001,-16.957,-3.9300003
565467268521847,12.080002,-16.841,-3.8380003
565467278510309,12.32,-16.686,-3.7510004
565467288528386,12.595001,-16.495,-3.6789994
565467298508578,12.8810005,-16.288,-3.6140003
565467308527886,13.171997,-16.067,-3.5509996
565467318509232,13.414001,-15.875,-3.512
565467328526001,13.529999,-15.778,-3.5030003
565467338518386,13.528,-15.792,-3.446
565467348791155,13.489998,-15.855,-3.304
565467358523578,13.538002,-15.854,-3.1079998
565467368543309,13.839996,-15.632,-2.8910007
565467378518847,14.195,-15.357,-2.6379995
565467388529309,14.505001,-15.105999,-2.3809996
565467398506655,14.792999,-14.862999,-2.1310005
565467408538424,15.086998,-14.597,-1.8980007
565467419686385,15.510002,-14.173,-1.691
565467428547385,15.510002,-14.173,-1.691
565467438515232,15.689999,-13.974998,-1.6709995
565467458620232,15.999001,-13.624001,-1.6410007
565467478520924,16.319,-13.253002,-1.5219994
565467488542732,16.490997,-13.045002,-1.4680004
565467498509578,16.673,-12.817001,-1.4190006
565467508532116,16.842,-12.598999,-1.3740005
565467518524385,16.971,-12.424999,-1.3610001
565467528538962,17.09,-12.259998,-1.3649998
565467538524193,17.21,-12.093998,-1.3540001
565467548525462,17.334,-11.918999,-1.3220005
565467558521539,17.461998,-11.733002,-1.2919998
565467568538193,17.585999,-11.552002,-1.25
565467578521924,17.704002,-11.374001,-1.2049999
565467588538501,17.814,-11.204002,-1.1860008
565467598514501,17.903,-11.058998,-1.2049999
565467608542539,17.972,-10.939999,-1.2530003
565467618523193,18.029,-10.836998,-1.3369999
565467628543347,18.075,-10.746002,-1.4389992
565467638525193,18.118,-10.660999,-1.5300007
565467648529655,18.170998,-10.561001,-1.5970001
565467658519039,18.231003,-10.449001,-1.6429996
565467668536808,18.29,-10.339001,-1.6900005
565467678518116,18.34,-10.237999,-1.7609997
565467688546001,18.382,-10.146,-1.8549995
565467698498770,18.422,-10.053001,-1.9580002
565467708532270,18.466,-9.951,-2.0580006
565467718505885,18.516998,-9.838001,-2.1420002
565467728544962,18.573997,-9.715,-2.2129993
565467738519462,18.629997,-9.59,-2.2849998
565467748530654,18.683998,-9.466,-2.3640003
565467758522539,18.738998,-9.335999,-2.4420004
565467768536616,18.799,-9.195,-2.5160007
565467778514116,18.863998,-9.042,-2.5820007
565467788536424,18.93,-8.8880005,-2.6329994
565467798507616,18.992,-8.7369995,-2.6879997
565467808540001,19.054,-8.584999,-2.7390003
565467818514808,19.112,-8.435001,-2.8029995
565467828533308,19.168,-8.278999,-2.882
565467838502077,19.226997,-8.110001,-2.9710007
565467848532770,19.288002,-7.931999,-3.0529995
565467858528039,19.349998,-7.751999,-3.1219997
565467868558770,19.409004,-7.575001,-3.1930008
565467878508193,19.460999,-7.404999,-3.2710009
565467898525462,19.558998,-7.0649986,-3.4330006
565467908522193,19.612,-6.8880005,-3.4939995
565467918535616,19.667,-6.7039986,-3.5429993
565467928516308,19.722,-6.5130005,-3.5900002
565467938533539,19.777,-6.3129997,-3.644001
565467948514500,19.829002,-6.111,-3.7079992
565467958541270,19.876,-5.905998,-3.7850008
565467968520539,19.922005,-5.6969986,-3.862999
565467978556577,19.970001,-5.4819984,-3.9250002
565467988582847,20.017998,-5.257,-3.988
565467998547116,20.062004,-5.0359993,-4.0529995
565468008523000,20.097,-4.8289986,-4.1310005
565468018545462,20.123001,-4.6380005,-4.2209997
565468028526231,20.143997,-4.452999,-4.3200006
565468038515616,20.162003,-4.2649994,-4.425
565468048516039,20.177002,-4.0699997,-4.5389996
565468058544193,20.186996,-3.8740005,-4.6639996
565468068522654,20.192001,-3.6759987,-4.802
565468078538270,20.189003,-3.4749985,-4.96
565468088519539,20.174995,-3.2700005,-5.1520004
565468098530039,20.150002,-3.065998,-5.369999
565468108522385,20.117004,-2.8549995,-5.605999
565468118563116,20.078003,-2.6209984,-5.8550005
565468128538154,20.030998,-2.362999,-6.12
565468140128077,19.875,-1.7680016,-6.7929993
565468148516577,19.875,-1.7680016,-6.7929997
565468158532308,19.773003,-1.4659996,-7.153
565468168617154,19.651001,-1.1469994,-7.537
565468178526770,19.498001,-0.82699966,-7.9650006
565468188517308,19.303001,-0.519001,-8.45
565468208532039,18.834,0.078998566,-9.463999
565468218537731,18.590004,0.41400146,-9.926
565468228521385,18.363998,0.7939987,-10.316
565468238553769,18.160995,1.1650009,-10.635
565468248513808,18.010002,1.4889984,-10.849
565468258542039,17.906998,1.783001,-10.976
565468268520654,17.832,2.0810013,-11.045
565468278554500,17.775002,2.369999,-11.077999
565468288519154,17.729996,2.6349983,-11.091
565468298534039,17.681,2.9269981,-11.095
565468308508269,17.605003,3.2140007,-11.137
565468318538577,17.573997,3.3660011,-11.141
565468328520308,17.581001,3.3240013,-11.143
565468338588000,17.595001,3.2109985,-11.154
565468348505654,17.612999,3.0909996,-11.159
565468358547077,17.658,2.966999,-11.121
565468368506423,17.743,2.809002,-11.026001
565468378536500,17.853,2.5950012,-10.901
565468388507346,17.967,2.316002,-10.775
565468398529000,18.077,1.9710007,-10.66
565468408524077,18.172,1.571003,-10.564
565468418550616,18.254997,1.1200027,-10.478
565468428527269,18.325,0.60700226,-10.397
565468438525692,18.384003,0.025001526,-10.311
565468448590346,18.439,-0.6399994,-10.19
565468458529462,18.487999,-1.3399963,-10.033
565468468508692,18.521,-2.0630035,-9.849
565468478631154,18.529,-2.8069992,-9.646
565468488516654,18.507,-3.5719986,-9.434
565468498548731,18.452,-4.3580017,-9.209
565468508517423,18.355,-5.155998,-8.987
565468518532615,18.215,-5.955002,-8.775
565468528513885,18.04,-6.741997,-8.564
565468538533154,17.842,-7.5130005,-8.335
565468548500269,17.62,-8.264,-8.094
565468558539500,17.372,-8.984001,-7.858
565468568517423,17.105,-9.674004,-7.622
565468578529923,16.815,-10.342003,-7.386
565468588499885,16.512,-10.981003,-7.143
565468598532577,16.205,-11.586998,-6.886
565468608515692,15.907,-12.146999,-6.61
565468618529192,15.603001,-12.675999,-6.334
565468628493000,15.292,-13.177002,-6.065
565468638523192,14.972,-13.650002,-5.811
565468648519961,14.644001,-14.096001,-5.582
565468658538500,14.303001,-14.511002,-5.398
565468668493961,13.97,-14.878002,-5.2679996
565468678530731,13.657999,-15.202,-5.1640005
565468688500654,13.3550005,-15.502998,-5.059
565468698516231,13.081001,-15.773998,-4.9370003
565468708517577,12.852,-16.002998,-4.797
565468718516577,12.679,-16.186,-4.642
565468728501961,12.567,-16.319,-4.477001
565468738535000,12.51,-16.407001,-4.313999
565468748521846,12.495,-16.455002,-4.1709995
565468758540654,12.518999,-16.46,-4.0809994
565468768512346,12.559999,-16.440998,-4.025999
565468778513923,12.632999,-16.396,-3.986
565468788509884,12.747999,-16.317001,-3.9389992
565468798537115,12.911001,-16.207,-3.862999
565468808564654,13.15,-16.043,-3.7409992
565468818536731,13.404999,-15.850002,-3.6560001
565468828512308,13.596001,-15.695999,-3.6170006
565468838525615,13.708,-15.604,-3.5939999
565468848523384,13.767,-15.560001,-3.5559998
565468868538115,14.128,-15.317001,-3.1730003
565468878546846,14.379,-15.1310005,-2.9279995
565468888514000,14.646,-14.918999,-2.6849995
565468898537846,14.894001,-14.710999,-2.4580002
565468908527615,15.122,-14.515999,-2.2150002
565468918563961,15.376,-14.284,-1.9610004
565468928515731,15.625,-14.039001,-1.75
565468938662923,15.836999,-13.817001,-1.6060009
565468948635615,16.017,-13.6189995,-1.5139999
565468958535692,16.174,-13.438,-1.4619999
565468968522731,16.312,-13.269001,-1.4559994
565468978537769,16.45,-13.095001,-1.4899998
565468988491077,16.589,-12.912998,-1.5289993
565468998490846,16.715,-12.746998,-1.5559998
565469008501346,16.833,-12.591,-1.5529995
565469028517192,17.147,-12.187,-1.3180008
565469048508961,17.487999,-11.722,-1.0240002
565469058511384,17.64,-11.5,-0.93499947
565469068497461,17.762,-11.317001,-0.85099983
565469078498307,17.849998,-11.177002,-0.8710003
565469088488000,17.933,-11.041,-0.8939991
565469098501884,18.022,-10.896,-0.8880005
565469108534153,18.118,-10.738998,-0.8579998
565469118533461,18.215,-10.576,-0.809
565469128518884,18.308,-10.417,-0.7800007
565469148543307,18.434,-10.188999,-0.8279991
565469158544269,18.489998,-10.084999,-0.8519993
565469168613346,18.546,-9.980999,-0.85899925
565469188523807,18.659,-9.764999,-0.8899994
565469198575807,18.707,-9.668999,-0.92900085
565469208533846,18.744,-9.593002,-0.9769993
565469218513653,18.781002,-9.517998,-1.0020008
565469228547423,18.828,-9.424999,-0.9869995
565469238512692,18.88,-9.324001,-0.95899963
565469248543000,18.929,-9.224998,-0.94000053
565469258524923,18.973,-9.135002,-0.93300056
565469268537423,19.015,-9.048,-0.93499947
565469278520730,19.059,-8.956001,-0.93099976
565469288545346,19.106003,-8.855999,-0.9169998
565469298518423,19.154,-8.752998,-0.9069996
565469308545038,19.197,-8.658001,-0.9050007
565469318516923,19.236,-8.570999,-0.9150009
565469328549423,19.272,-8.486,-0.9360008
565469338524269,19.309002,-8.399002,-0.9559994
565469358535615,19.386,-8.215004,-0.99900055
565469368505538,19.421,-8.127998,-1.0370007
565469388527692,19.473,-7.986,-1.1439991
565469398550884,19.496,-7.9229965,-1.2019997
565469408527269,19.514,-7.866997,-1.2789993
565469418540769,19.530003,-7.810997,-1.3689995
565469428542076,19.546,-7.753998,-1.4619999
565469438522115,19.561,-7.697998,-1.5459995
565469458613922,19.609,-7.5550003,-1.6509991
565469478538769,19.661,-7.403,-1.7210007
565469488523115,19.687,-7.326004,-1.7520008
565469498539346,19.715,-7.2440033,-1.7700005
565469508521038,19.744,-7.159996,-1.7919998
565469518532499,19.77,-7.0810013,-1.8250008
565469528522653,19.791,-7.008003,-1.868
565469538540538,19.814,-6.933998,-1.907999
565469548520769,19.838,-6.8519974,-1.9510002
565469558547845,19.863,-6.765999,-1.9939995
565469568510153,19.888,-6.6800003,-2.0389996
565469578536461,19.913,-6.5910034,-2.0830002
565469588518922,19.937,-6.501999,-2.1280003
565469598538230,19.961,-6.4120026,-2.1760006
565469608518038,19.984,-6.3239975,-2.229
565469618530076,20.004,-6.2389984,-2.288
565469628523422,20.022,-6.159996,-2.3409996
565469638548961,20.041,-6.080002,-2.3829994
565469648519307,20.063,-5.9950027,-2.4209995
565469658573692,20.082,-5.909996,-2.4680004
565469678511653,20.107,-5.7630005,-2.6100006
565469688524692,20.12,-5.6900024,-2.67
565469698527153,20.138,-5.6070023,-2.705
565469708519230,20.156,-5.5230026,-2.7420006
565469718498192,20.17,-5.445999,-2.7929993
565469728535768,20.179,-5.3799973,-2.8570004
565469738519499,20.186,-5.3170013,-2.9230003
565469748540268,20.196,-5.2509995,-2.9780006
565469758511038,20.209,-5.173996,-3.021
565469768528922,20.223,-5.0910034,-3.0610008
565469778519191,20.239,-5.0110016,-3.0900002
565469788515653,20.25,-4.941002,-3.130001
565469798512538,20.253998,-4.876999,-3.2019997
565469808538961,20.251,-4.8219986,-3.3029995
565469818507615,20.243,-4.7770004,-3.415001
565469828540576,20.239002,-4.731003,-3.5020008
565469838503422,20.239,-4.6760025,-3.5760002
565469848537999,20.24,-4.6139984,-3.650999
565469858528461,20.237,-4.564003,-3.7280006
565469868564730,20.23,-4.526001,-3.8099995
565469878507384,20.218,-4.496002,-3.908001
565469888545922,20.204,-4.4660034,-4.0130005
565469898569884,20.189,-4.4329987,-4.126999
565469908537307,20.171,-4.401001,-4.247999
565469918494422,20.149,-4.3740005,-4.3759995
565469928532691,20.131,-4.350998,-4.481001
565469938512845,20.122,-4.3270035,-4.5429993
565469948539037,20.123,-4.288002,-4.575001
565469958517076,20.131,-4.241997,-4.5860004
565469968525807,20.138,-4.2040024,-4.587
565469978583461,20.144,-4.1780014,-4.5860004
565469988552345,20.147,-4.1600037,-4.587
565470008515961,20.173,-4.1309967,-4.5009995
565470018542499,20.191,-4.111,-4.438999
565470038551114,20.217,-4.080002,-4.3460007
565470048564922,20.223,-4.080002,-4.3169994
565470058519960,20.224,-4.0930023,-4.3010006
565470068552307,20.222,-4.112999,-4.292
565470078517153,20.221,-4.133003,-4.278
565470088537345,20.223,-4.149002,-4.251999
565470098516384,20.229,-4.1539993,-4.2199993
565470108519114,20.236,-4.1520004,-4.1870003
565470118518922,20.242,-4.154999,-4.156
565470128539422,20.245,-4.1620026,-4.135
565470138504307,20.247,-4.1709976,-4.1140003
565470148553537,20.252,-4.1760025,-4.0860004
565470158544422,20.259,-4.1689987,-4.059
565470168659691,20.265,-4.1589966,-4.0370007
565470178528960,20.271,-4.1500015,-4.015999
565470188553268,20.278,-4.1399994,-3.9920006
565470198509999,20.286,-4.1259995,-3.9650002
565470208526345,20.294,-4.1119995,-3.9389992
565470218523460,20.3,-4.100998,-3.9209995
565470228547268,20.303,-4.0960007,-3.908001
565470238519345,20.306,-4.094002,-3.893999
565470248546076,20.310001,-4.0930023,-3.8759995
565470258523114,20.313,-4.0910034,-3.861
565470268539883,20.314,-4.0960007,-3.8519993
565470278511191,20.312,-4.109001,-3.8479996
565470288538114,20.309,-4.1240005,-3.8479996
565470298525268,20.306,-4.1419983,-3.8439999
565470308541460,20.305,-4.157997,-3.83
565470318527230,20.304,-4.1780014,-3.8129997
565470328538037,20.302,-4.2020035,-3.8010006
565470338517268,20.298,-4.229004,-3.7919998
565470348566922,20.293,-4.258003,-3.7859993
565470358511730,20.287,-4.282997,-3.790001
565470368526383,20.282,-4.304001,-3.7940006
565470378524460,20.28,-4.3170013,-3.790001
565470388562614,20.281,-4.320999,-3.7779999
565470398519653,20.283,-4.320999,-3.768999
565470408536768,20.282,-4.326004,-3.7679996
565470418521768,20.277,-4.3359985,-3.7800007
565470428542268,20.271,-4.3499985,-3.8010006
565470448511037,20.257,-4.3720016,-3.8460007
565470458605922,20.251,-4.383003,-3.8689995
565470478525114,20.231,-4.4240036,-3.9239998
565470488532614,20.221,-4.4449997,-3.9510002
565470498523191,20.213,-4.459999,-3.9780006
565470508543806,20.203,-4.4729996,-4.012001
565470518525652,20.193,-4.4850006,-4.050001
565470528539883,20.182,-4.4970016,-4.092001
565470538515806,20.172,-4.515999,-4.120001
565470548552576,20.164,-4.530998,-4.1410007
565470558525537,20.16,-4.5289993,-4.1620007
565470568539614,20.155,-4.5230026,-4.192999
565470578526576,20.146,-4.522003,-4.237999
565470588550075,20.133,-4.5230026,-4.297001
565470598508383,20.12,-4.5270004,-4.354
565470608536999,20.111,-4.522003,-4.403
565470618522575,20.108,-4.5049973,-4.4300003
565470628540268,20.112,-4.473999,-4.443001
565470638521422,20.117,-4.4440002,-4.4540005
565470648545075,20.12,-4.4160004,-4.466999
565470658520422,20.119,-4.390999,-4.4969997
565470668542422,20.114,-4.3659973,-4.542
565470678507614,20.106,-4.3460007,-4.5960007
565470688541575,20.098,-4.3219986,-4.653
565470698522422,20.09,-4.300003,-4.706999
565470708548229,20.084,-4.276001,-4.7560005
565470718524768,20.085,-4.2450027,-4.778
565470728537575,20.096,-4.197998,-4.7719994
565470738519998,20.112,-4.143997,-4.752001
565470748541345,20.128,-4.094002,-4.730999
565470758507152,20.136,-4.0510025,-4.734001
565470768535114,20.137,-4.0130005,-4.7609997
565470778519306,20.134,-3.9680023,-4.8099995
565470788526729,20.135,-3.9179993,-4.8460007
565470798516922,20.14,-3.8570023,-4.8740005
565470808535421,20.148,-3.7959976,-4.8910007
565470818515345,20.155,-3.736,-4.907999
565470828537383,20.16,-3.6790009,-4.9300003
565470838510460,20.161,-3.6259995,-4.966999
565470848544960,20.154,-3.578003,-5.0300007
565470858517037,20.145,-3.5350037,-5.0930004
565470878548306,20.134,-3.498001,-5.163
565470898514345,20.127998,-3.5009995,-5.1830006
565470908554883,20.126,-3.5029984,-5.1879997
565470928512383,20.109,-3.538002,-5.233
565470948527152,20.09,-3.566002,-5.2859993
565470958508921,20.08,-3.5830002,-5.3129997
565470968531768,20.067,-3.6070023,-5.3460007
565470978567537,20.055,-3.6319962,-5.3740005
565470988557575,20.048,-3.6470032,-5.3899994
565470998526498,20.045,-3.6589966,-5.392
565471008516268,20.046,-3.6669998,-5.3810005
565471018501844,20.045,-3.6800003,-5.3759995
565471028542844,20.04,-3.7040024,-5.382
565471038503998,20.031,-3.7320023,-5.3950005
565471048539460,20.02,-3.7580032,-5.4160004
565471058520767,20.006,-3.7770004,-5.4559994
565471068538344,19.993,-3.7949982,-5.4890003
565471078517421,19.986,-3.8040009,-5.5109997
565471088585383,19.986,-3.7959976,-5.5160007
565471098512883,19.987,-3.7870026,-5.517
565471108538575,19.987,-3.7819977,-5.5200005
565471118510921,19.989,-3.776001,-5.518999
565471128546383,19.993,-3.7649994,-5.508999
565471138503729,20.002,-3.7549973,-5.4850006
565471148548421,20.012,-3.7419968,-5.456999
565471158528152,20.021,-3.7340012,-5.4309998
565471168543114,20.028,-3.7269974,-5.4090004
565471178509075,20.032,-3.7149963,-5.400999
565471188596114,20.031,-3.7080002,-5.41
565471198515921,20.024,-3.7089996,-5.434
565471208527537,20.015,-3.7220001,-5.4610004
565471218520498,20.007,-3.7350006,-5.481001
565471228535729,20.001999,-3.7440033,-5.49
565471238576806,20.0,-3.7509995,-5.4960003
565471248534037,19.999,-3.7490005,-5.4990005
565471258518960,20.001,-3.7460022,-5.493
565471268534921,20.005,-3.7470016,-5.4780006
565471278515113,20.008,-3.7490005,-5.469
565471288531383,20.009,-3.7460022,-5.466999
565471298527421,20.011,-3.7440033,-5.4610004
565471308539537,20.013,-3.7389984,-5.455
565471318517113,20.017,-3.7310028,-5.448
565471328535460,20.02,-3.7210007,-5.4419994
565471338512267,20.022,-3.713997,-5.441
565471348532652,20.02,-3.7109985,-5.448
565471368510344,20.017,-3.7040024,-5.4629993
565471378525536,20.015,-3.699997,-5.4729996
565471388516844,20.015,-3.6949997,-5.477001
565471398538498,20.015,-3.691002,-5.4799995
565471408519806,20.013,-3.6949997,-5.4839993
565471418543690,20.011,-3.7020035,-5.49
565471428515383,20.011,-3.7060013,-5.486
565471438531652,20.013,-3.7080002,-5.476
565471448509459,20.016003,-3.7129974,-5.462
565471458535344,20.018,-3.7210007,-5.451
565471468514883,20.017,-3.7330017,-5.4440002
565471478538729,20.016,-3.748001,-5.439001
565471488511729,20.015,-3.7610016,-5.431999
565471498538729,20.017,-3.7669983,-5.422001
565471508521267,20.02,-3.7669983,-5.4120007
565471518536844,20.022,-3.7649994,-5.4050007
565471528516113,20.022,-3.7649994,-5.403
565471538533152,20.024,-3.7649994,-5.3969994
565471548522152,20.027,-3.7630005,-5.3859997
565471558538267,20.032,-3.7580032,-5.370001
565471568519459,20.038,-3.7539978,-5.354
565471578539882,20.042,-3.748001,-5.3409996
565471588512613,20.047,-3.7440033,-5.3269997
565471598542344,20.051,-3.7389984,-5.313999
565471608519959,20.055,-3.737999,-5.299999
565471618539882,20.058,-3.7399979,-5.2870007
565471628516806,20.06,-3.7450027,-5.2749996
565471638532652,20.061,-3.7529984,-5.265999
565471648516575,20.062,-3.7659988,-5.2530003
565471658538229,20.064,-3.7789993,-5.2369995
565471668516844,20.066,-3.7919998,-5.2199993
565471678539459,20.067,-3.8079987,-5.205
565471688530382,20.068,-3.822998,-5.189001
565471698541536,20.069,-3.834999,-5.175001
565471708516998,20.07,-3.8470001,-5.1620007
565471718541805,20.071,-3.8580017,-5.1499996
565471728516036,20.077,-3.8649979,-5.1219997
565471738541190,20.077,-3.8720016,-5.1170006
565471748640267,20.08,-3.876999,-5.1019993
565471759420229,20.085,-3.8880005,-5.073
565471768539805,20.085,-3.8880005,-5.073
565471778547305,20.088,-3.8949966,-5.0559998
